-- phpMyAdmin SQL Dump
-- version 5.2.1
-- https://www.phpmyadmin.net/
--
-- Host: 127.0.0.1
-- Generation Time: May 09, 2024 at 04:04 AM
-- Server version: 10.4.32-MariaDB
-- PHP Version: 8.2.12

SET SQL_MODE = "NO_AUTO_VALUE_ON_ZERO";
START TRANSACTION;
SET time_zone = "+00:00";


/*!40101 SET @OLD_CHARACTER_SET_CLIENT=@@CHARACTER_SET_CLIENT */;
/*!40101 SET @OLD_CHARACTER_SET_RESULTS=@@CHARACTER_SET_RESULTS */;
/*!40101 SET @OLD_COLLATION_CONNECTION=@@COLLATION_CONNECTION */;
/*!40101 SET NAMES utf8mb4 */;

--
-- Database: `alittleleafdecor`
--

-- --------------------------------------------------------

--
-- Table structure for table `address-list`
--

CREATE TABLE `address-list` (
  `adrs_id` int(11) NOT NULL,
  `id_user` int(11) NOT NULL,
  `adrs_fullname` text NOT NULL,
  `adrs_address` text NOT NULL,
  `adrs_phone` text DEFAULT NULL,
  `adrs_isDefault` tinyint(4) NOT NULL
) ENGINE=InnoDB DEFAULT CHARSET=utf8mb4 COLLATE=utf8mb4_general_ci;

--
-- Dumping data for table `address-list`
--

INSERT INTO `address-list` (`adrs_id`, `id_user`, `adrs_fullname`, `adrs_address`, `adrs_phone`, `adrs_isDefault`) VALUES
(3, 3, 'La Hoành Nghiệp', '439/41 Hồ Học Lãm, Phường An Lạc, Quận Bình Tân, Thành phố Hồ Chí Minh', '0832963381', 0),
(4, 3, 'Hoành Nghiệp', 'Địa chỉ teest 2', '0937029984', 1),
(5, 4, 'Test thêm người dùng', 'Test thêm địa chỉ admin', NULL, 1),
(6, 5, 'Nguyễn Văn A', 'Địa chỉ Test 1', NULL, 1),
(7, 6, 'Nguyễn Văn B', 'Địa chỉ Test 2', NULL, 1),
(8, 7, 'Nguyễn Văn C', 'Địa chỉ Test 3', NULL, 1),
(9, 8, 'Nguyễn Văn D', 'Địa chỉ Test 4', NULL, 1),
(10, 9, 'Nguyễn Văn E', 'Địa chỉ Test 5', NULL, 1),
(11, 10, 'Nguyễn Văn F', 'Địa chỉ Test 6', NULL, 1),
(12, 11, 'Hà Kim Khang', 'Địa chỉ Test 7', NULL, 1),
(13, 12, 'Nguyễn Thị Hường', 'Địa chỉ Test 9', '0123456789', 1),
(14, 13, 'Hoàng Văn Long', 'Địa chỉ Test 8', NULL, 1),
(15, 14, 'Hạ Phụng Việt', 'Xã An Tây, Thị xã Bến Cát, Bình Dương', '0388716115', 1),
(16, 15, 'Chung Ðức Kiên', 'Phường Hoà Thuận, Thành phố Cao Lãnh, Đồng Tháp', '0803012564', 1),
(17, 16, 'Hồ Phương Quyên', 'Phường 11, Quận 8,Thành phố Hồ Chí Minh', NULL, 1),
(18, 17, 'Cồ Bích Hà', 'Xã Đông Thành, Thị xã Bình Minh, Vĩnh Long', NULL, 1),
(19, 18, 'Lương Bạch Loan', 'Xã Nậm Ban, Huyện Mèo Vạc, Hà Giang', NULL, 1),
(20, 19, 'Lộ Ðông Nghi', 'Thị trấn Tô Hạp, Huyện Khánh Sơn, Khánh Hòa', NULL, 1),
(21, 20, 'Quán Phi Cường', 'Xã Tam Phước, Huyện Long Điền, Bà Rịa - Vũng Tàu', NULL, 1),
(22, 21, 'Tiêu Duy Hiền', 'Phường Bình Minh, Thành phố Lào Cai, Lào Cai', '0902115568', 1),
(23, 22, 'Phương Thanh Huyền', 'Phường An Phú, Thành phố Tam Kỳ, Quảng Nam', NULL, 1),
(24, 23, 'Lỗ Thu Hậu', 'Xã Xuân Mỹ, Huyện Cẩm Mỹ, Đồng Nai', NULL, 1);

-- --------------------------------------------------------

--
-- Table structure for table `admin`
--

CREATE TABLE `admin` (
  `admin_id` int(11) NOT NULL,
  `admin_username` varchar(1024) NOT NULL,
  `admin_password` varchar(1024) NOT NULL
) ENGINE=InnoDB DEFAULT CHARSET=utf8mb4 COLLATE=utf8mb4_general_ci;

--
-- Dumping data for table `admin`
--

INSERT INTO `admin` (`admin_id`, `admin_username`, `admin_password`) VALUES
(1, 'admin1', 'test');

-- --------------------------------------------------------

--
-- Table structure for table `bill`
--

CREATE TABLE `bill` (
  `bill_id` int(11) NOT NULL,
  `id_user` int(11) NOT NULL,
  `date_created` date NOT NULL,
  `total_amount` int(11) NOT NULL,
  `phone` text NOT NULL,
  `shipping_address` text NOT NULL,
  `checkout_method` enum('online','cod') NOT NULL,
  `payment_status` enum('pending','paid') NOT NULL,
  `is_confirmed` int(11) NOT NULL,
  `shipping_status` enum('fulfilled','not_fulfilled') NOT NULL,
  `note` text NOT NULL
) ENGINE=InnoDB DEFAULT CHARSET=utf8mb4 COLLATE=utf8mb4_general_ci;

--
-- Dumping data for table `bill`
--

INSERT INTO `bill` (`bill_id`, `id_user`, `date_created`, `total_amount`, `phone`, `shipping_address`, `checkout_method`, `payment_status`, `is_confirmed`, `shipping_status`, `note`) VALUES
(1, 3, '2024-05-05', 0, '0937029984', 'Địa chỉ teest 2', 'online', 'paid', 0, 'not_fulfilled', ''),
(2, 3, '2024-05-05', 0, '0937029984', 'Địa chỉ teest 2', 'online', 'paid', 0, 'not_fulfilled', ''),
(3, 3, '2024-05-05', 2755000, '0832963381', '439/41 Hồ Học Lãm, Phường An Lạc, Quận Bình Tân, Thành phố Hồ Chí Minh', 'online', 'pending', 0, 'not_fulfilled', ''),
(4, 3, '2024-05-05', 2755000, '0832963381', '439/41 Hồ Học Lãm, Phường An Lạc, Quận Bình Tân, Thành phố Hồ Chí Minh', 'online', 'pending', 0, 'not_fulfilled', ''),
(5, 3, '2024-05-05', 2755000, '0937029984', 'Địa chỉ teest 2', 'cod', 'paid', 0, 'not_fulfilled', ''),
(6, 3, '2024-05-07', 890000, '0832963381', '439/41 Hồ Học Lãm, Phường An Lạc, Quận Bình Tân, Thành phố Hồ Chí Minh', 'online', 'pending', 0, 'not_fulfilled', ''),
(7, 12, '2024-05-08', 2175000, '0123456789', 'Địa chỉ Test 9', 'cod', 'pending', 0, 'not_fulfilled', ''),
(8, 12, '2024-05-08', 3885000, '0123456789', 'Địa chỉ Test 9', 'cod', 'pending', 0, 'not_fulfilled', ''),
(9, 14, '2024-05-08', 2995000, '0388716115', 'Xã An Tây, Thị xã Bến Cát, Bình Dương', 'cod', 'pending', 0, 'not_fulfilled', ''),
(10, 14, '2024-05-08', 3105000, '0388716115', 'Xã An Tây, Thị xã Bến Cát, Bình Dương', 'cod', 'pending', 0, 'not_fulfilled', ''),
(11, 15, '2024-05-08', 5125000, '0803012564', 'Phường Hoà Thuận, Thành phố Cao Lãnh, Đồng Tháp', 'cod', 'pending', 0, 'not_fulfilled', ''),
(12, 17, '2024-05-08', 1235000, '0908112234', 'Xã Đông Thành, Thị xã Bình Minh, Vĩnh Long', 'online', 'pending', 0, 'not_fulfilled', ''),
(13, 21, '2024-05-08', 930000, '0902115568', 'Phường Bình Minh, Thành phố Lào Cai, Lào Cai', 'online', 'pending', 0, 'not_fulfilled', ''),
(14, 23, '2024-05-08', 1240000, '0123456789', 'Xã Xuân Mỹ, Huyện Cẩm Mỹ, Đồng Nai', 'cod', 'pending', 0, 'not_fulfilled', '');

-- --------------------------------------------------------

--
-- Table structure for table `bill-detail`
--

CREATE TABLE `bill-detail` (
  `bill_detail_id` int(11) NOT NULL,
  `id_bill` int(11) NOT NULL,
  `id_product` int(11) NOT NULL,
  `quantity` int(11) NOT NULL,
  `unit_price` int(11) NOT NULL,
  `total_price` int(11) NOT NULL
) ENGINE=InnoDB DEFAULT CHARSET=utf8mb4 COLLATE=utf8mb4_general_ci;

--
-- Dumping data for table `bill-detail`
--

INSERT INTO `bill-detail` (`bill_detail_id`, `id_bill`, `id_product`, `quantity`, `unit_price`, `total_price`) VALUES
(1, 1, 2, 1, 740000, 740000),
(2, 1, 4, 1, 1370000, 1370000),
(3, 1, 9, 1, 645000, 645000),
(4, 2, 2, 1, 740000, 740000),
(5, 2, 4, 1, 1370000, 1370000),
(6, 2, 9, 1, 645000, 645000),
(7, 3, 2, 1, 740000, 740000),
(8, 3, 4, 1, 1370000, 1370000),
(9, 3, 9, 1, 645000, 645000),
(10, 4, 2, 1, 740000, 740000),
(11, 4, 4, 1, 1370000, 1370000),
(12, 4, 9, 1, 645000, 645000),
(13, 5, 2, 1, 740000, 740000),
(14, 5, 4, 1, 1370000, 1370000),
(15, 5, 9, 1, 645000, 645000),
(16, 6, 1, 1, 545000, 545000),
(17, 6, 3, 1, 345000, 345000),
(18, 7, 2, 1, 740000, 740000),
(19, 7, 12, 1, 790000, 790000),
(20, 7, 9, 1, 645000, 645000),
(21, 8, 15, 1, 295000, 295000),
(22, 8, 5, 1, 570000, 570000),
(23, 8, 16, 4, 395000, 1580000),
(24, 8, 206, 1, 70000, 70000),
(25, 8, 4, 1, 1370000, 1370000),
(26, 9, 3, 1, 345000, 345000),
(27, 9, 105, 1, 750000, 750000),
(28, 9, 7, 1, 550000, 550000),
(29, 9, 14, 1, 1350000, 1350000),
(30, 10, 13, 1, 1450000, 1450000),
(31, 10, 1, 1, 545000, 545000),
(32, 10, 164, 3, 370000, 1110000),
(33, 11, 78, 1, 880000, 880000),
(34, 11, 87, 1, 195000, 195000),
(35, 11, 14, 3, 1350000, 4050000),
(36, 12, 3, 1, 345000, 345000),
(37, 12, 174, 1, 65000, 65000),
(38, 12, 181, 1, 175000, 175000),
(39, 12, 187, 2, 325000, 650000),
(40, 13, 144, 1, 150000, 150000),
(41, 13, 140, 1, 60000, 60000),
(42, 13, 147, 1, 680000, 680000),
(43, 13, 149, 1, 40000, 40000),
(44, 14, 165, 1, 270000, 270000),
(45, 14, 164, 1, 370000, 370000),
(46, 14, 166, 5, 120000, 600000);

-- --------------------------------------------------------

--
-- Table structure for table `category`
--

CREATE TABLE `category` (
  `category_id` int(11) NOT NULL,
  `category_name` text NOT NULL,
  `category_parent_id` int(11) NOT NULL,
  `category_img` text NOT NULL
) ENGINE=InnoDB DEFAULT CHARSET=utf8mb4 COLLATE=utf8mb4_general_ci;

--
-- Dumping data for table `category`
--

INSERT INTO `category` (`category_id`, `category_name`, `category_parent_id`, `category_img`) VALUES
(1, 'Bếp', 0, 'bep.jpg'),
(2, 'Picnic Day', 0, 'picnicday.webp'),
(3, 'Cốc, Ly', 0, 'cocly.jpg'),
(4, 'Trà Chiều, Café', 0, 'trachieucafe.jpg'),
(5, 'Thiền Định An Yên', 0, 'thiendinhanyen.webp'),
(6, 'Mùi Hương', 0, 'muihuong.webp'),
(7, 'Trang Trí Nhà Cửa', 0, 'trangtrinhacua.jpg'),
(8, 'Đồ Cá Nhân', 0, 'docanhan.webp'),
(9, 'Xoong, Nồi, Chảo', 1, 'NULL'),
(10, 'Giá, Kệ Đa Năng', 1, 'NULL'),
(11, 'Phụ Kiện Bếp', 1, 'NULL'),
(12, 'Thìa, Đũa', 1, 'NULL'),
(13, 'Bát, Đĩa', 1, 'NULL'),
(14, 'Bình Nước', 1, 'NULL'),
(15, 'Cốc', 3, 'NULL'),
(16, 'Ly', 3, 'NULL'),
(17, 'Bộ Ấm Trà', 4, 'NULL'),
(18, 'Trà Cụ', 4, 'NULL'),
(19, 'Tea Party', 4, 'NULL'),
(20, 'Café Tỉnh Táo', 4, 'NULL'),
(21, 'Trầm', 5, 'NULL'),
(22, 'Set Đốt Trầm', 5, 'NULL'),
(23, 'Vòng, Đá', 5, 'NULL'),
(24, 'Nến Thơm', 6, 'NULL'),
(25, 'Tinh Dầu, Túi Thơm', 6, 'NULL'),
(26, 'Khăn Trải Bàn, Thảm', 7, 'NULL'),
(27, 'Bình Cắm Hoa', 7, 'NULL'),
(28, 'Túi, Giỏ, Hộp Đựng', 7, 'NULL'),
(29, 'Tượng Décor', 7, 'NULL'),
(30, 'Khác', 7, 'NULL'),
(31, 'Kẹp Tóc', 8, 'NULL'),
(32, 'Thư Giãn', 8, 'NULL'),
(33, 'Bình Nước', 8, 'NULL'),
(34, 'Túi Tote', 8, 'NULL'),
(35, 'Book Corner', 8, 'NULL'),
(36, 'Warm & Cozy', 8, 'NULL');

-- --------------------------------------------------------

--
-- Table structure for table `product`
--

CREATE TABLE `product` (
  `product_id` int(11) NOT NULL,
  `id_category` int(11) NOT NULL,
  `product_name` varchar(1024) NOT NULL,
  `product_price` int(11) NOT NULL,
  `product_description` text NOT NULL,
  `quantity_in_stock` int(11) NOT NULL,
  `is_onSale` int(11) NOT NULL
) ENGINE=InnoDB DEFAULT CHARSET=utf8mb4 COLLATE=utf8mb4_general_ci;

--
-- Dumping data for table `product`
--

INSERT INTO `product` (`product_id`, `id_category`, `product_name`, `product_price`, `product_description`, `quantity_in_stock`, `is_onSale`) VALUES
(1, 9, 'Ấm Tráng Men Mickey', 545000, '                                                                                            ', 98, 1),
(2, 9, 'Ấm Tráng Men Daisy', 740000, 'Kích thước\n\r\n- Đường kính miệng: 8.5cm\n\r\n- Đường kính đáy: 12cm\n\r\n- Cao: 12 cm\n\r\n- Dung tích: 1.5L\n\r\n- Trọng lượng:1kg\n', 94, 1),
(3, 9, 'Bếp Nướng Cồn Tròn', 345000, '- Chất liệu: Hợp kim nhôm, gỗ sồi\n\r\n\n\r\n- Kích thước: \n\r\n\n\r\n+ Nhỏ: 16 x 10 cm (đường kính x chiều cao)\n\r\n\n\r\n+ Lớn: 21 x 10 cm (đường kính x chiều cao)\n', 97, 1),
(4, 9, 'Bếp Picnic Bag', 1370000, 'Bếp dễ lắp đặt, dễ sử dụng và dễ vệ sinh.\n\r\n\n\r\nBếp sử dụng than\n\r\n\n\r\nĐược làm bằng thép chất lượng và lưới thép mạ crôm, không gỉ, không ăn mòn, bền.\n\r\n\n\r\nKích thước nhỏ gọn, tiện dụng\n\r\n\n\r\nKích thước: xem hình ảnh để nhìn rõ kích thước\n', 94, 1),
(5, 9, 'Chảo DILL Xanh Bơ (19,5cm)', 570000, '- Chất liệu: bakelite, hợp kim nhôm tiêu chuẩn Châu Âu, thủy tinh, chống dính greblon của Đức\n\r\n\n\r\n- Dùng được trên bếp ga, bếp hồng ngoại\n\r\n\n\r\n- Thân nồi được làm bằng vật liệu kháng khuẩn, chống bám bẩn, dễ lau chùi\n\r\n\n\r\n- Đáy nồi có lưới tổng hợp năng lượng, làm nóng đều và nhanh\n\r\n\n\r\n- Tay cầm nồi và nắp chống nóng\n\r\n\n\r\n- Nắp nồi làm bằng kính cường lực', 99, 1),
(6, 9, 'Chảo Đỏ (24cm)', 980000, '- Chất liệu: Hợp nhôm phủ chống dính gốm \n', 100, 1),
(7, 9, 'Chảo Gang Korea', 550000, '🏕Chiếc chảo Gang đang Hot trong giới Camping và Picnic Hàn Quốc, mình thì thấy dùng trong bếp gia đình tiện, gọn gàng, dễ vệ sinh lắm...\n\r\n\n\r\n🍅Quan trọng là nướng đồ siêu ngon, đồ ăn xém cạnh, giòn rụm mà không cháy khét. Có ai lúc nào, mùa nào cũng thèm đồ nướng không?????', 99, 1),
(8, 9, 'Khuôn Bánh Vỏ Sò', 340000, '', 100, 1),
(9, 9, 'Máy Nướng YIDPU', 645000, '- Kích thước: 22 x 13,5 x 8 cm (chiều dài x chiều rộng x chiều cao)\n\r\n\n\r\n- Công suất: 650W\n\r\n- Mỗi máy nướng gồm có 1 thân máy và 2 bộ khay nướng.', 94, 1),
(10, 9, 'Máy Vắt Cam', 870000, '- Kích thước: 17.6x20cm (cao x rộng) \n\r\n\n\r\n- Thể tích: 400ml \n\r\n\n\r\n- Công suất: 30W', 100, 1),
(11, 9, 'Nồi Đất Nung', 385000, '- Chất liệu: Đất Nung\n\r\n- Kích thước: \n\r\n+ Nồi cao: 20 x 7cm (đường kính x chiều cao)\n\r\n+ Nồi thấp: 22 x 5cm (đường kính x chiều cao)\n', 100, 1),
(12, 9, 'Nồi DILL Xanh Bơ (17,2cm)', 790000, '- Chất liệu: bakelite, hợp kim nhôm tiêu chuẩn Châu Âu, thủy tinh, chống dính greblon của Đức\n\r\n\n\r\n- Dùng được trên bếp ga, bếp hồng ngoại\n\r\n\n\r\n- Thân nồi được làm bằng vật liệu kháng khuẩn, chống bám bẩn, dễ lau chùi\n\r\n\n\r\n- Đáy nồi có lưới tổng hợp năng lượng, làm nóng đều và nhanh\n\r\n\n\r\n- Tay cầm nồi và nắp chống nóng\n\r\n\n\r\n- Nắp nồi làm bằng kính cường lực', 99, 1),
(13, 9, 'Nồi Hokua', 1450000, '- Chất Liệu: Nhôm\r\n\n- Kích Thước: 23,6 x 11,8cm\r\n\n- Trọng lượng: 445g\r\n\n- Dung tích: 1,9L\r\n\n- Bề mặt được xử lý bằng màng oxit hóa anot axit oxalic, không chỉ cải thiện khả năng chống ăn mòn của bề mặt nhôm mà còn tăng độ bền của nồi\r\n\n- Khả năng dẫn nhiệt tốt giúp tiết kiệm thời gian đun nấu\r\n\n\r\n\n* Lưu ý: Không sử dụng với bếp từ', 99, 1),
(14, 10, 'Bàn Cafe Di Động Phong Cách Bắc Âu', 1350000, '- Sử dụng vật liệu chất lượng cao\r\n\n- Chất liệu nhựa ABS thân thiện với môi trường nhập khẩu (không mùi, bền, chống chịu thời tiết tốt)\r\n\n- Tay cầm bằng gỗ sồi chất lượng cao, ổn định và bền bỉ, khung kim loại\r\n\n- Bánh xe linh hoạt, con lăn trơn tru được trang bị cuộn dây chống mài mòn\r\n\n- Có 5 màu\r\n\n- Ord trong tháng 7 giảm còn 1280k, hàng về sau 7-15 ngày\r\n\n- Sản phẩm được đóng gói trong thùng carton kích thước 45*16*60cm', 96, 1),
(15, 10, 'Giá đĩa 3 ngăn', 295000, '', 99, 1),
(16, 10, 'Kệ Đa Năng 2 Tầng 395', 395000, '- Chất liệu: Kim loại\r\n\n\r\n\n- Có thể tháo lắp\r\n\n\r\n\n- Kích thước: (dài x rộng x cao)\r\n\n\r\n\n+ Cả kệ:        30.3 x 25 x 29.5 cm \r\n\n\r\n\n+ Tầng trên:      27 x  25 x 5.4 cm\r\n\n\r\n\n+ Tầng dưới:      30.3 x 25 x 2 cm\r\n\n\r\n\n+ Khoảng cách giữa 2 tầng: 22.1 cm', 96, 1),
(17, 10, 'Kệ Ngôi Nhà Đa Năng', 230000, 'Căn bếp nhỏ của bạn sẽ gọn gàng, ngăn nắp hơn với kệ đa năng.\r\n\n- Chất liệu: Sắt kim loại, Phun sơn tĩnh điện\r\n\n- Lưu trữ đa năng, giá đỡ thớt, nắp nồi...\r\n\n- Với nhiều ngăn giúp chúng ta dễ dàng lấy và cất dụng cụ\r\n\n- Chiều cao khách nhau giữa các ngăn giúp kẹp chặt và cố định nắp nồi, chảo, đĩa..\r\n\n- Vách ngăn nhỏ phía trước có thể dùng để cá dụng cụ nhà bếp như thìa canh..., dễ dàng lấy ra trong quá trình nấu ăn ', 100, 1),
(18, 10, 'Kệ Puff', 245000, '- Chất liệu: Sắt sơn tĩnh điện\r\n\n\r\n\n- Kệ có thể điều chỉnh chiều dài từ 40 - 72.5cm\r\n\n\r\n\n- Kích thước: 40 - 72.5 x 20 x 15 cm (dài x rộng x cao)', 100, 1),
(19, 10, 'Kệ Tre Lắp Ghép', 840000, '- Chất liệu: Gỗ tự nhiên\r\n\n\r\n\n- Gồm 4 ô gỗ rời, có thể lắp ghép theo nhiều cách\r\n\n\r\n\n- Kích thước: (dài x rộng x cao)\r\n\n\r\n\n+ Ô thứ nhất: 25 x 9.3 x 6 cm\r\n\n\r\n\n+ Ô thứ hai:   28 x 9.3 x 15.8 cm\r\n\n\r\n\n+ Ô thứ ba:    32 x 9.3 x 21 cm\r\n\n\r\n\n+ Ô thứ tư:     36 x 9.3 x 25 cm', 100, 1),
(20, 11, 'Ấm Siêu Tốc Mickey Mouse', 1450000, '- Công suất cao 1850w, sôi nhanh trong 5 phút\r\n\n- Được uỷ quyền bởi Disney\r\n\n- Nước đun sôi tốt cho sức khoẻ\r\n\n- Chất liệu tiếp xúc với nước được làm bằng thép ko gỉ 304 an toàn trong thực phẩm\r\n\n- Lớp lót bên trong ko gỉ, vòi inox ko gỉ, bộ lọc thép ko gỉ, nắp thép ko gỉ \r\n\n- Dung tích: 1,7l\r\n\n- Kích thước 24,5x28.5cm\r\n\n- Điện áp 220v, tần số 50hz\r\n\nƯu đãi: Tặng kèm kéo gắp gỗ\r\n\nHàng nội địa Trung ord 7-10 ngày về sẵn hàng ạ ^^', 100, 1),
(21, 11, 'Bếp Điện Jane', 1950000, '- Kích thước: 24.5 x 24.5 x 6.5cm (dài x rộng x cao)\r\n\n\r\n\n- Đường kính nhiệt: 12cm\r\n\n\r\n\n- Chất liệu vỏ: PC\r\n\n\r\n\n- Công suất: 220V/1250W', 100, 1),
(22, 11, 'Bếp Ga Cube', 2450000, '', 100, 1),
(23, 11, 'Bếp Ga Mini 3 Chân', 380000, '', 100, 1),
(24, 11, 'Bếp Gas Mini Bear', 950000, '- Freeship và tặng kèm 1 kéo gắp gỗ\r\n\n- Bếp Gas Mini di động, nhỏ gọn, tiện lợi\r\n\n- Vòng chắn gió tích hợp, bảo vệ ngọn lửa, phù hợp với các hoạt động ngoài trởi\r\n\n- Tấm dẫn nhiệt tiết kiệm năng lượng\r\n-\n Lửa xanh tập trung năng lượng 2500W, đun sôi nhanh chóng\r\n\n- Thiết kế nút vặn điều chỉnh nhiệt độ chắc chắn, dễ thao tác\r\n\n- Bếp nhôm đúc nguyên khối, có thể tháo rời, dễ dàng vệ sinh\r\n\n- Đế chống trơn trượt\r\n\n- Cách lắp bình gas: Căn chỉnh cổng bình xăng với cổng van gas và ấn nhẹ để kết nối, lực hút từ tính tự động sẽ khóa lại, tiện lợi và nhanh chóng\r\n\n- Nhiên liệu: Khí Butan hóa lỏng\r\n\n- Kích Thước: 25,8x19,5x12,2cm\r\n\n- Trọng Lượng: 1,08kg', 100, 1),
(25, 11, 'Bình Rót Dầu Olive 1000ml', 275000, '- Chất liệu: thủy tinh \n\r\n\n\r\n- Kích thước: như hình \n\r\n\n\r\n- Công dụng: kiểm soát lượng dầu muốn sử dụng một cách dễ dàng \n', 100, 1),
(26, 11, 'Bình Thủy Tinh Đựng Hạt 5L', 1750000, '', 100, 1),
(27, 11, 'Cắm Đũa Thủy Tinh', 395000, '', 100, 1),
(28, 11, 'Cắm Đũa Trắng Trơn', 385000, '', 100, 1),
(29, 11, 'Chai Mơ 500ml', 185000, '- Chất liệu: thủy tinh \n\r\n\n\r\n- Dung tích: 500mL \n', 100, 1),
(30, 11, 'Cốc đo thể tích nắp gỗ', 185000, 'Cốc đo thể tích nắp gỗ \n\r\n\n\r\nThông tin về bạn ấy: \n\r\n\n\r\nChất liệu: Thủy tinh, gỗ, ron silicon \n\r\n\n\r\nKích thước: \n\r\n\n\r\n*350ml: 12,5*10,5*8 cm \n\r\n\n\r\nMàu sắc: Trong suốt \n', 100, 1),
(31, 11, 'Dán Tủ Lạnh Cookie', 45000, '- Chất Liệu: Gốm \n\r\n- Gồm nam châm gắn phía sau \n\r\n- Kích Thước: \n\r\n+ Kem Bean: 6x5,5cm \n\r\n+ Bánh Quy Đậm: 5,5x5,5cm \n\r\n+ Bánh Quy Sáng Màu: 4x5,5cm \n\r\n+ Bánh Quy Tàn Nhang: 5,5x5,5cm \n\r\n+ Gấu bean: 6x3,8cm \n\r\n+ Gấu Cơ Bắp: 6x4cm \n', 100, 1),
(32, 11, 'Dán Tủ Lạnh Mini', 55000, '- Chất Liệu: Gốm \n\r\n- Gồm nam châm phía sau \n\r\n- Trọng Lượng: 100g \n', 100, 1),
(33, 11, 'Dao Bào Vỏ Chanh', 125000, '- Chất liệu: PP, thép không gỉ \n\r\n\n\r\n- Kích thước: như hình \n', 100, 1),
(34, 11, 'Dao Bếp Mini Panda', 85000, '- Chất Liệu: \n\r\n+ Thép không gỉ \n\r\n+ Tay cầm thép không gỉ 420 \n\r\n- Công dụng: Chế biến thực phẩm nhỏ, dạy bạn nhỏ làm bếp \n\r\n- Kích Thước: \n\r\n+ Panda: 16.2x3.8cm (DxR) \n\r\n- Góc đầu dao: 94 độ \n\r\n- Phường pháp mài: Khi dao bị cùn, bán có thể cho thêm nước và mài nhẹ trên đá mài dao ở góc 15\n-\r\n20 độ vài lần, dao sẽ sắc bén như mới. \n\r\n * Chú ý: \n\r\n- Hướng dẫn bạn nhỏ sử dụng dưới sự giám sát của người lớn \n\r\n- Dao được mài sắc, chú ý an toàn khi mở hàng \n\r\n- Không sử dụng với máy rửa chén, tủ khử trùng \n', 100, 1),
(35, 12, 'Dao Phết Bơ Cán Gỗ', 45000, '', 100, 1),
(36, 12, 'Dĩa Gỗ Lớn', 12000, '', 100, 1),
(37, 12, 'Dĩa Xanh Lá', 85000, '', 100, 1),
(38, 12, 'Đũa Ghép Anh Đào', 45000, '', 100, 1),
(39, 12, 'Đũa Ghép Cuốn Chỉ', 45000, '', 100, 1),
(40, 12, 'Đũa Ghép Khắc Họa Tiết', 45000, '🌊Ở đất nước Nhật Bản, dùng đũa được xem như một văn hoá, việc chọn đôi đũa ăn cơm cũng được người Nhật để tâm. Đôi đũa ngoài việc bền, đẹp còn nên nhẹ và dễ chịu khi cầm trên tay. Đũa cũng được xem là món quà may mắn, tinh tế để gửi tặng người thân! \n\r\n\n\r\n🎋Bạn có tin một đôi đũa tốt và đẹp sẽ giúp chúng mình tận hưởng bữa ăn hơn không? Nhà Leaf có thật nhiều mẫu đũa để bạn ghé chọn đó ạ! \n', 100, 1),
(41, 12, 'Đũa Ghép Mèo', 45000, '🌊Ở đất nước Nhật Bản, dùng đũa được xem như một văn hoá, việc chọn đôi đũa ăn cơm cũng được người Nhật để tâm. Đôi đũa ngoài việc bền, đẹp còn nên nhẹ và dễ chịu khi cầm trên tay. Đũa cũng được xem là món quà may mắn, tinh tế để gửi tặng người thân! \n\r\n\n\r\n🎋Bạn có tin một đôi đũa tốt và đẹp sẽ giúp chúng mình tận hưởng bữa ăn hơn không? Nhà Leaf có thật nhiều mẫu đũa để bạn ghé chọn đó ạ! \n', 100, 1),
(42, 12, 'Đũa Ghép Nhật Ngắn', 45000, '🌊Ở đất nước Nhật Bản, dùng đũa được xem như một văn hoá, việc chọn đôi đũa ăn cơm cũng được người Nhật để tâm. Đôi đũa ngoài việc bền, đẹp còn nên nhẹ và dễ chịu khi cầm trên tay. Đũa cũng được xem là món quà may mắn, tinh tế để gửi tặng người thân! \n\r\n\n\r\n🎋Bạn có tin một đôi đũa tốt và đẹp sẽ giúp chúng mình tận hưởng bữa ăn hơn không? Nhà Leaf có thật nhiều mẫu đũa để bạn ghé chọn đó ạ! \n', 100, 1),
(43, 12, 'Đũa Ghép Ovan', 45000, '', 100, 1),
(44, 12, 'Đũa Gỗ Cute', 95000, '', 100, 1),
(45, 12, 'Đũa Hoa Đào', 45000, '', 100, 1),
(46, 12, 'Đũa Mèo Japan', 45000, '', 100, 1),
(47, 12, 'Set Thìa Dao Dĩa Anne', 570000, '', 100, 1),
(48, 12, 'Set 3 Thìa Silicon Đỏ', 430000, '', 100, 1),
(49, 13, 'Bát Cơm Julia (11cm)', 170000, '', 100, 1),
(50, 13, 'Bát Gia Vị Lâu Đài', 115000, '', 100, 1),
(51, 13, 'Bát Gỗ Thấp', 225000, '', 100, 1),
(52, 13, 'Bát Gốm Daisy', 195000, '- Chất liệu: Gốm', 100, 1),
(53, 13, 'Bát Gốm Mèo Vàng', 330000, '', 100, 1),
(54, 13, 'Bát Gốm Nhỏ Animal', 125000, '- Chất Liệu: Sứ \n\r\n- Kích Thước: 12,5x10,5x4cm \n', 100, 1),
(55, 13, 'Bát Gốm Nyanko', 95000, '- Chất Liệu: Gốm \n\r\n- Kích Thước: Đường kính 11cm, Chiều cao 6cm \n\r\n- Trọng Lượng: 200g \n\r\n- Phong cách: Nhật Bản \n\r\n- Thiết kế đáy chống trượt, chất gốm sứ dày dặn,chịu nhiệt tốt \n\r\n- Dùng được trong lò vi sóng, tủ khử trùng và máy rửa chén \n', 100, 1),
(56, 13, 'Bát Gốm Thủ Công Có Tai', 280000, 'Sử dụng nguyên liệu gốm thô Cảnh Đức Trấn_nơi khởi nguồn của gốm sứ Trung Quốc, nung ở nhiệt độ cao 1300 độ C nên an toàn, tốt cho sức khoẻ và thân thiện với môi trường \n\r\n- Chiều cao: 8cm, đường kính miệng: 17cm, dung tích: 1400ml \n\r\n- Có thể dùng trong lò vi sóng, máy rửa bát,... \n', 100, 1),
(57, 13, 'Bát Gốm Wabi Sabi', 250000, 'Được làm từ gốm sứ chất lượng cao từ Cảnh Đức Trấn_nơi khởi nguồn của gốm sứ Trung Quốc, các đốm đen không đồng đều được phân bổ tự nhiên và phù hợp với màu men mờ, mang đậm phong cách Nhật Bản \n\r\n- Nung ở nhiệt độ cao 1300 độ C, làm cho sản phẩm dễ dàng làm sạch mà không có cặn \n\r\n- Có thể được sử dụng để đựng súp và các món ăn, cũng có thể sử dụng như một đĩa baỳ trái cây \n', 100, 1),
(58, 13, 'Bát Hoa Nhỏ Retro', 280000, 'Góc vườn hoa nhỏ ngọt ngào, bình yên, xinh đẹp \n\r\n\n\r\n- Chất Liệu: Gốm Sứ Tráng Men \n\r\n- Màu Sắc: Trắng Sữa \n\r\n- Kích Thước: \n\r\n+ Bát Mẫu 1: Đường kính 15,5cm, Chiều cao 6cm \n\r\n+ Bát Mẫu 2: Đường kính 19,5, Chiều cao 3,5cm \n\r\n- Trọng Lượng: 350g \n\r\n\n\r\n* Note: Đĩa được chế tác thủ công nên có thể có lỗ kim, chấm đen nhỏ không ảnh hưởng tới chất lượng sản phẩm. Mong bạn thông cảm. \n', 100, 1),
(59, 13, 'Bát Julia (16cm)', 210000, '', 100, 1),
(60, 13, 'Bát Pretty Bear', 95000, '- Chất Liệu: Gốm tráng men \n\r\n- Kích Thước:11,5x6,5cm \n\r\n- Thiết kế đáy chống trượt, chịu nhiệt tốt \n\r\n- Dùng được trong lò vi sóng, tủ khử trùng và máy rửa chén \n', 100, 1),
(61, 13, 'Bát Rau Củ', 125000, '', 100, 1),
(62, 13, 'Bát Sứ Cinnamon', 395000, '- Chất liệu: Sứ \n\r\n\n\r\n- Kích thước: 18 x 9 cm (đường kính x chiều cao) \n', 100, 1),
(63, 13, 'Bát Sứ Sương Nhật Bản', 95000, 'Chất Liệu: Sứ Sương \n\r\nKích Thước: 11,4x6cm \n\r\nDung Tích: 260ml \n', 100, 1),
(64, 14, 'Ấm thủy tinh (1000ml)', 240000, '', 100, 1),
(65, 14, 'Ấm thủy tinh (1600ml)', 295000, '- Chất liệu: Thủy tinh chịu nhiệt \n\r\n\n\r\n- Dung tích: 1600ml \n\r\n\n\r\n- Kích thước: 8 x 12.5 x 18.5cm (đường kính miệng x đường kính đáy x chiều cao) \n', 100, 1),
(66, 14, 'Ấm Thuỷ Tinh Nắp Inox (1800ml)', 290000, '- Chất liệu: Thủy tinh, inox 304 \n\r\n\n\r\n- Dung tích: 1800ml \n\r\n\n\r\n- Kích thước:  9 x 12.5 x 22.5 cm( đường kính miệng x đường kính đáy x chiều cao) \n', 100, 1),
(67, 14, 'Ấm Tráng Men Thỏ', 590000, '', 100, 1),
(68, 14, 'Ấm Tráng Men Xanh (1,1L)', 620000, 'Pha trà, đun nước, đun sữa, làm bình đựng nước,… \n\r\nDùng trên bếp từ bếp ga, lò nướng, lò vi sóng, bếp hồng ngoại,… \n\r\nChất liệu: tráng men \n', 100, 1),
(69, 14, 'Bình Big Size Đế Nhôm', 870000, '', 100, 1),
(70, 14, 'Bình Big Size Giá Sắt', 970000, '', 100, 1),
(71, 14, 'Bình Nước Cổ Điển Pháp', 550000, '- Chất Liệu: Thủy Tinh + Nhựa ABS \n\r\n- Kích Thước: Cao 24cm x Rộng 22cm \n\r\n- Dung Tích: 1,6L \n', 100, 1),
(72, 14, 'Bình Thủy Tinh ( kèm ly)', 170000, '- Chất liệu: thủy tinh', 100, 1),
(73, 14, 'Set Bình Smile', 310000, '- Chất liệu: thủy tinh \n\r\n \n\r\n- Dung tích: 850ml \n\r\n\n\r\n- Kích thước: như hình \n', 100, 1),
(74, 2, 'Ấm Picnic', 370000, '- Chất liệu: hợp kim nhôm \n\r\n- Dung tích: 1.1 lit', 100, 1),
(75, 2, 'Quạt Trần Mini', 750000, 'Kích thước:17,3 x 13,6 x 9cm \n\r\nTrọng lượng: 374g \n\r\nĐầu vào: 5V/1.6A \n\r\nDung lượng pin: 7200mAh \n\r\nPhụ kiện đi kèm: dây sạc, khiển từ xa \n\r\nQuạt được trang bị công nghệ UAV động cơ giảm thanh treo từ tính. Lấy cảm hứng từ thiết kế cánh quạt của máy bay không người lái, các cánh quạt ba cánh được phát triển có thể thu thập nguồn không khí tập trung hơn và lượng gió ra lớn, không gây tiếng ồn \n\r\nKhi được sạc đầy quạt có thể chạy liên tục được khoảng 30 tiếng \n\r\nĐiều khiển có thể dụng trong bán kính 5m \n\r\nĐèn ngủ với 3 mức độ sáng \n\r\nƯu điểm của quạt trần mini: \n\r\n- Gió mạnh \n\r\n- Không gây tiếng ồn \n\r\n- Tuổi thọ pin lâu dài \n\r\n- Điều khiển từ xa \n\r\n- Ánh đèn vàng ấm áo \n\r\n- Dễ dàng mang theo bên mình \n', 100, 1),
(76, 2, 'Thảm Picnic Vịt', 425000, 'Kích thước: 140x180cm', 100, 1),
(77, 2, 'Thảm, Chăn Cắm Trại Dã Ngoại', 390000, 'Chất liệu vải mềm mại, thoáng khi, chắc chắn, thoải mái \n\r\nTrọng lượng nhẹ, dễ dàng mang theo \n\r\nĐa năng, có thể dùng làm khăn trải bàn/sofa, trải niệm hoặc chăn ấm \n\r\nKích Thước: 160x130cm \n\r\nChất Liệu: Vải thêu sợi \n', 100, 1),
(78, 15, 'Bộ 2 Tách Linh Lan (kèm hộp)', 880000, '', 99, 1),
(79, 15, 'Bộ Cốc Đĩa Cún Viền Đỏ', 350000, 'Set gồm: 1 cốc và 1 đĩa \n\r\nChất Liệu: Gốm sứ \n\r\nKích Thước: \n\r\n+ Cốc: 9x7,5 cm  \n\r\n+ Đĩa: 22x2,8 cm \n\r\nDung Tích cốc: 350ml \n\r\n\n\r\nDùng được trong lò vi sóng, máy rửa chén, tủ khử trùng', 100, 1),
(80, 15, 'Bộ Cốc Thìa Gốm Tulip', 250000, 'Bộ Gồm: 1 Cốc Gốm, 1 Thìa Gốm, 1 Hộp quà Đựng xinh xắn', 100, 1),
(81, 15, 'Cốc Always Love You', 165000, '', 100, 1),
(82, 15, 'Cốc Bon Appétit', 95000, 'Chất liệu: thủy tinh \n\r\nDung tích: 400ml \n', 100, 1),
(83, 15, 'Cốc Butter Fluffy', 165000, '- Chất Liệu: Gốm Sứ \n\r\n- Dung Tích: 280ml \n\r\n- Trọng Lượng: 300g \n\r\n- Kích Thước: 11,5x10,5cm ( tính cả quai cầm) \n\r\n- Quy Trình: In Hình Đề Can Nhiệt Độ Cao \n\r\n- Dùng được trong lò vi sóng, máy rửa chén, tủ khử trùng \n', 100, 1),
(84, 15, 'Cốc Capu', 130000, '', 100, 1),
(85, 15, 'Cốc Chân Mèo Merie', 160000, '', 100, 1),
(86, 15, 'Cốc Chú Vịt Kẻ Xanh', 195000, '- Chất liệu: sứ \n\r\n\n\r\n- Dung tích: 300mL \n', 100, 1),
(87, 15, 'Cốc Cún Corgi', 195000, '', 99, 1),
(88, 15, 'Cốc Cún Drink More Water', 160000, '- Chất liệu: Gốm sứ \n\r\n- Kích thước: Đường kính 8,7cm x Cao 8,3cm \n\r\n- Dung tích: 320ml \n\r\n- Trọng lượng: 330g \n', 100, 1),
(89, 15, 'Cốc Cún Green', 150000, '- Chất liệu: gốm \n\r\n- Dung tích: 350ml', 100, 1),
(90, 15, 'Cốc Cún Mèo Good Day', 220000, 'Chất Liệu: Gốm Sứ cao cấp \n\r\nDung Tích: 340ml \n\r\nKích Thước: Đường kính miệng 10cm x Cao 6,5cm x Rộng tổng 16,5cm \n\r\nQuy trình: Tráng men mịn thủ công \n\r\nThiết kế độc đáo, phong cách nhí nhảnh tinh nghịch \n\r\nHình in nhiệt sắc nét, vòng đế không tráng chống trượt \n ', 100, 1),
(91, 15, 'Cốc Cún Sinh Nhật', 165000, '- Chất liệu: gốm \n\r\n- Dung tích: 350m \n', 100, 1),
(92, 15, 'Cốc Cún Strange And Cute', 220000, 'Chất Liệu: Gốm Sứ cao cấp  \n\r\nDung Tích: 280ml \n\r\nKích Thước: Đường kính 11,5cm x Cao 7,8cm \n\r\nQuy trình: Tráng men mịn thủ công \n\r\nThiết kế độc đáo, phong cách nhí nhảnh tinh nghịch \n\r\nHình in nhiệt sắc nét, vòng đế không tráng chống trượt  \n\r\n\n\r\n* Note: Chưa kèm lót cốc \n', 100, 1),
(93, 15, 'Cốc Gardeners', 350000, '- Chất liệu: gốm sứ \n\r\n- Dung tích: 450ml \n', 100, 1),
(94, 15, 'Cốc Gấu Trắng', 225000, '', 100, 1),
(95, 16, 'Gói Quà Ly Thủy Tinh Đôi', 935000, 'Một món quà giản dị, tinh tế, ấm áp với họa tiết sống động gửi gắm lời chúc chân thành \n\r\n\n\r\n- Chất Liệu: \n\r\n+ Ly: Thủy tinh \n\r\n+ Lót ly: Gốm \n\r\n- Dung Tích: 220ml/ly đơn \n\r\n- Kích Thước: \n\r\n+ Ly: 157x65mm (chiều cao x đường kính) \n\r\n+ Gói quà ( tổng thể): 28x25cm (dài x rộng) \n\r\n\n\r\nGói quà gồm: \n\r\n- 2 chiếc ly thủy tinh đôi \n\r\n- 2 lót ly bằng gốm \n\r\n- 1 hộp quà cứng cáp, chắc chắn \n\r\n- 1 tấm khăn lụa in tranh cắm trại để gói quà \n\r\n- 1 tấm thiệp \"Best Wish\" \n\r\n- 1 túi nhựa mika dẻo trong suốt \n', 100, 1),
(96, 16, 'Ly Amber', 180000, '- Chất liệu: Thủy tinh\n\r\n\n\r\n- Dung tích: 125ml', 100, 1),
(97, 16, 'Ly Animal', 215000, '- Chất liệu: thủy tinh \n\r\n\n\r\n- Kích thước: như hình \n\r\n\n\r\n- Dung tích: 150ml \n', 100, 1),
(98, 16, 'Ly Gốm Be Hoạt Hình', 185000, '- Chất Liệu: Gốm tráng men  \n\r\n- Chất liệu dày dặn, chắc chắn \n\r\n- Họa tiết hoạt hình vẽ tay dễ thương \n\r\n- Kích Thước: 8x12cm \n\r\n- Dung Tích: 300ml \n', 100, 1),
(99, 16, 'Ly Pha Lê Kim Cương', 250000, '\"Những bức ảnh không thể diễn tả hết sự tinh xảo của sản phẩm, bạn sẽ thấy được vẻ đẹp đó khi cầm trên tay\" \n\r\n\n\r\n- Chất Liệu: Thuỷ tinh pha lê \n\r\n- Kích Thước: 20,4x7,6cm \n\r\n- Dung Tích: 280ml \n\r\n* Lưu ý: Chịu nhiệt 50 độ C, không dùng cho lò vi sóng, không làm lạnh và làm nóng đột ngột \n\r\n\n\r\n Vì đồ thủ công nên sẽ không tránh khỏi việc có bong bóng hoặc tinh thể mịn, mong sẽ không ảnh hưởng tới cảm nhận của bạn ^^ \n', 100, 1),
(100, 16, 'Ly Serious Cat', 185000, '- Chất Liệu: Thủy Tinh \n\r\n- Màu Sắc: Trong suốt \n\r\n- Dung Tích: 340ml \n\r\n- Quy Trình: Chế tạo thủ công từ thủy tinh nóng chảy ở nhiệt độ cao \n', 100, 1),
(101, 16, 'Ly Thủy Tinh (200ml)', 145000, '- Chất liệu: Thủy tinh \n\r\n- Kích thước: 6.4 x 10.2 cm (đường kính x chiều cao) \n', 100, 1),
(102, 16, 'Ly Thủy Tinh Bakeshop', 150000, '- Chất Liệu: Thủy Tinh \n\r\n- Kích Thước: 6x13cm \n\r\n- Dung Tích: 340ml \n', 100, 1),
(103, 16, 'Ly Thuỷ Tinh Blackpink', 245000, '- Chất liệu: thuỷ tinh \n\r\n- Kích thước: cao 13cm, đường kính 7cm, dung tích 300ml \n\r\n*Note: Không dùng trong lò vi sóng, máy rửa chén, máy tiệt trùng, lò nướng. \n', 100, 1),
(104, 16, 'Ly Thuỷ Tinh Champagne', 250000, '\"Ly thủy tinh hình giọt nước, giống như một nụ hoa còn đang say giấc nồng\" \n\r\n\n\r\nThân ly được thổi nhân tạo, thành ly phải thật mỏng, miệng ly được chế tác rất tinh xảo. Đặc biệt khi làm miệng ly, các thợ thủ công lành nghề đã cắt lạnh trước, sau đó làm nóng chảy rồi tạo hình thật tỉ mỉ. \n\r\nQuá trinh thủ công phức tạp này tạo nên một chiếc ly thủy tinh cao cấp, mỏng nhẹ mang tới bạn một cảm nhận tuyệt vời khi sử dụng \n\r\n\n\r\n- Kích Thước: \n\r\n+ Đường kính 6,5cm \n\r\n+ Chiều cao 12,8cm \n\r\n+ Đường kính đáy: 5,5cm \n\r\n- Dung tính: 250ml \n\r\n* Lưu ý: Chịu nhiệt 50 độ C, không dùng cho lò vi sóng, không làm lạnh và làm nóng đột ngột \n\r\n\n\r\nVì là đồ thủ công nên sẽ không tránh khỏi việc có bong bóng hoặc tinh thể mịn, mong sẽ không ảnh hưởng tới cảm nhận của bạn \n', 100, 1),
(105, 17, 'Bộ Trà Thỏ Trắng', 750000, 'Lấy cảm hứng từ cuộc gặp gỡ đầy thú vị của Alice và bữa tiệc trà trong \"Alice in Wonderland\" \n\r\n\n\r\nThiết kế ấm trà và tách trà, đĩa được xếp chồng lên nhau mang lại trải nghiệm khác biệt cho buổi trà chiều, làm tăng độ tinh tế từ tay nghề thủ công, hoàn chỉnh từng chi tiết \n\r\n\n\r\nThưởng thức trà chiều trong thế giới mộng mơ diệu kì. Biến bản thân thành những anh hùng đi khám phá miền đất mới, nắm lấy tự do cùng sự tò mò, sáng tạo dũng cảm theo đuổi ước mơ. Hãy để nguồn cảm hứng từ Alice tạo nên vẻ đẹp của bạn. \n\r\n\n\r\n- Bộ Ấm Trà Thỏ Trắng Gồm: 1 Ấm Trà, 1 Tách Trà, 1 Đĩa , 1 Lọc trà,  1 Thiệp mời, 1 Hộp quà xinh xắn \n\r\n- Kích Thước: Ấm (620ml), Tách (250ml), Đĩa (Đường kính 16cm) \n\r\n- Chất liệu gốm sứ cao cấp, chất men mịn và tinh tế \n\r\n- Áp dụng công nghệ tráng men màu, an toàn với sức khỏe và thân thiện với môi trường \n', 99, 1),
(106, 17, 'Tách Sứ Men Ngọc Xanh', 175000, '- Chất Liệu: Gốm sứ tráng men  \n\r\n- Họa tiết được khắc nổi thủ công, tinh xảo, điều luyện \n\r\n- Sản phẩm từ bàn tay các nghệ nhân truyền thống \n\r\n- Sử dụng vật liểu cao cấp, đã qua tuyển chọn \n\r\n\n\r\n- Kích Thước: Đường kính 7cm x Cao 4,8cm \n\r\n- Dung Tích: 50ml ', 100, 1),
(107, 17, 'Bộ Trà Gốm Mây', 530000, 'Bộ Trà Gốm Mây gồm: 1 ấm trà kèm lọc gốm, 1 cốc lớn, 3 cốc nhỏ, 1 khăn vait lót, 1 túi đựng gọn \n\r\nKích Thước & Dung Tích: \n\r\n+ Ấm Trà: Rộng 8,5 x Cao 9,5 cm & 200ml \n\r\n+ Cốc lớn: Rộng 7,3 x Cao 4,2cm & 95ml \n\r\n+ Cốc Nhỏ: Rộng 5,5 x Cao 2,8 cm & 35ml \n\r\nChất Liệu: Gốm sứ \n\r\n\n \r\nMang màu sắc đơn giản cùng kết cấu nhã nhặn tạo nét đẹp thanh lịch, bình yên \n\r\nSản phẩm thủ công mỹ nghệ tinh xảo \n\r\nGọn nhẹ, tiện lợi, thích hợp mang du lịch ngắm cảnh thưởng trà \n', 100, 1),
(108, 17, 'Ấm Trà Nhỏ Gốm Đá Mỹ Nghệ', 580000, '- Chất Liệu: Gốm đá tráng men cao cấp\n\r\n- Kích Thước: Cao 7,2 x Rộng 8,5 x Dài 12,5 cm \n\r\n- Dung Tích: 150ml \n\r\n\n\r\n- Sản phẩm thủ công truyền thống mang nét đẹp của thời gian và quá trình \n\r\n- Men nung đất sét được giữ nguyên tăng thêm nét cổ kính \n\r\n- Được chế tác hoàn toàn thủ công bởi những nghệ nhân lành nghề \n\r\n- Đồ gốm sứ tinh xảo, chất lượng cao', 100, 1),
(109, 17, 'Ấm Trà Nhỏ Thủ Công 35ml', 250000, '- Dung Tích 35ml \n\r\n- Kích Thước: Rộng 65mm x Cao 44mm \n\r\n- Chất Liệu: Gốm sứ  \n\r\n- Sản phẩm thủ công truyền thống mang nét đẹp của thời gian và quá trình \n\r\n- Được chế tác hoàn toàn thủ công bởi những nghệ nhân lành nghề \n\r\n- Đồ gốm sứ tinh xảo, chất lượng cao', 100, 1),
(110, 17, 'Bộ Trà Sen Hồng', 780000, 'Bộ Trà Sen Hồng gồm 1 ấm trà, 3 tách trà và 1 túi du lịch\r\nCuộc sống luôn bận rộn nên chúng ta thường khao khát sự tĩnh lặng, giản đơn \n\r\nMột tách trà và người bạn tâm tình là một loại bình yên \n\r\nNghệ thuật đồ gốm sứ truyền thống \n\r\nHọa tiết vẽ tay tỉ mỉ, tinh xảo, sắc nét \n\r\nKỹ thuật men nứt 3D, bề mặt láng mịn \n\r\n\n\r\n\"Trong đầm gì đẹp bằng sen, \n\r\nLá xanh, bông trắng lại chen nhuỵ vàng...\" \n\r\nĐã từ lâu hoa Sen được coi là biểu tượng của hồn Việt, một loài hoa thuần khiết, thanh cao, tượng trưng cho sự sống, thanh thiện và trí tuệ của con người \n\r\n\n\r\nNgoài ra, họa tiết cá trong đầm Sen hay được gọi là \"Cá chép hóa rồng\" là biểu tượng của việc vượt khó khăn để đạt đến thành công \n\r\n\n\r\nKích Thước: \n\r\nẤm Trà: Đường kính 9,9 x Cao 10,1 cm x 220ml \n\r\nTách Trà: Đường kính 6,5 x Cao 4,7 cm x 55ml \n', 100, 1),
(111, 17, 'Bộ Độc Ẩm Hoa Tử Đằng', 780000, 'Được tạo khối từ cao lanh thô, trắng sáng, láng mịn, độ bóng cao \n\r\nHọa tiết vườn hoa Tử Đằng vẽ tay tinh tế, tỉ mỉ từng đường nét \n\r\nChế tác thủ công truyền thống, nung ở nhiệt độ cao, tráng men màu \n\r\nTúi đựng nhỏ gọn, có thể mang theo mọi nơi, tiện lợi khi đi du lịch \n\r\nTay cầm có dây cuốn, cách nhiệt tốt và trang trí đẹp mắt\n\r\n\n\r\nTrong phong thủy và quan niệm người phương Đông, Hoa Tử Đằng có ý nghĩa như một sự khở đầu thuận lợi cho gia chủ trong công việc, mang lại may mắn, tài lộc \n \r\n\n\r\nKích Thước: \n\r\nẤm Trà: Rộng 11cm x Cao 7,8cm x 200ml \n\r\nTách Trà: Rộng 8cm x Ca0 4,8cm x 150ml ', 100, 1),
(112, 17, 'Bộ Trà Chùm Hồng Như Ý', 620000, 'Theo quan niệm dân gian, Quả Hồng mang ý nghĩa \"vạn sự như ý\", thức quả hình dáng tròn trịa, căng mọng được người xưa cho rằng loại trái cây này sẽ mang lại may mắn, suôn sẻ \n\r\nBộ Trà Chùm Hồng Như Ý: 1 ấm trà thủy tinh, 1 lọc trà gốm sứ, 3 chén trà, 1 hộp quà \n\r\nĐường nét vẽ tay tinh tế, nghệ thuật gốm sứ truyền thống tinh xảo \n\r\nCó thể xếp gọn vào ấm trà, dễ dàng mang theo \n\r\n\n\r\nKích Thước ( DxRxC) & Dung Tích (ml) \n\r\n+ Ấm Trà: 8,3x12,3x16,7cm & 180ml \n\r\n+ Chén Trà: 4,5x4,5x3,9cm & 30ml \n\r\n+ Hộp Quà: 15,8x12,8x16,7cm', 100, 1),
(113, 17, 'Bộ Trà Hoa Mận Xanh', 490000, 'Quy trình làng nghề gốm thủ công: Tạo hình gốm, tráng men viền, vẽ ty họa tiết, tráng men trong suốt nhiệt cao\r\nSản phẩm thủ công truyền thống cao cấp, tinh xảo \n\r\nChất liệu gốm sứ mịn, các cạnh được bo tròn, đường né tinh tế \n\r\nTay cầm gỗ tre tự nhiên được chọn lọc kĩ, mang vẻ trang nhã, cách nhiệt hiệu quả \n\r\n\n\r\nChất Liệu: Gốm sứ \n\r\nKích Thước (RxC) & Dung Tích (ml) \n\r\n+ Ấm Trà: 13,7x14,7cm (tính cả quai) & 250ml \n\r\n+ Chén Trà: 5,3x4,4cm & 80ml', 100, 1),
(114, 18, 'Ấm Gốm Haru', 720000, '', 100, 1),
(115, 18, 'Ấm Pha Trà Đồng Nguyên Chất', 1250000, '', 100, 1),
(116, 18, 'Ấm Retro Nhật', 320000, '', 100, 1),
(117, 18, 'Ấm Thuỷ Tinh Hoa Mộc', 350000, '', 100, 1),
(118, 18, 'Ấm Thuỷ Tinh Hoa Mộc Quai Xanh', 350000, '', 100, 1),
(119, 18, 'Ấm Trà Đất Nung Thủ Công', 780000, '- Dung tích: 500ml \n\r\n- Chất liệu: đất nung thủ công  ', 100, 1),
(120, 18, 'Ấm Trà Dehua Vẽ Tay', 850000, '', 100, 1),
(121, 18, 'Ấm Trà Lá', 740000, '- Chất liệu: sứ \n\r\n\n\r\n- Dung tích: 140mL \n\r\n\n\r\n- Kích thước: 10,8x8cm (đường kính x chiều cao) \n\r\n\n\r\nHọa tiết ấm được vẽ thủ công bằng tay', 100, 1),
(122, 18, 'Ấm Trà Mộc', 850000, '- Chất liệu: Gốm sứ \n\r\n\n\r\n- Kích thước: như hình \n\r\n\n\r\n- Dung tích: 260mL', 100, 1),
(123, 18, 'Ấm Trà Mộc thương hiệu Muse Garden', 520000, '', 100, 1),
(124, 18, 'Ấm Trà Ngọc Lục Bảo', 620000, '', 100, 1),
(125, 19, 'Hộp Bánh Lá Nhỏ', 230000, '', 100, 1),
(126, 19, 'Mật Ong Xuyến Chi Hà Giang', 220000, '🍯Bidens Pilosa Honey🌱Mật ong hoa Xuyến chi từ cao nguyên Hà Giang\n\r\n\n\r\nKhi nghiên cứu về Herbal Medicine (Thảo dược học) người ta thấy rằng hoa Xuyến chi thuộc họ Cúc, là một loại Wild Flower có sức sống và dược tính mạnh mẽ. Nên mật ong từ loài hoa này rất lành và tốt cho sức khoẻ.\n\r\n\n\r\nTại Hà Giang, người nuôi ong dùng những chú ong bản địa mang năng lượng núi rừng, tìm những cánh đồng hoa xuyến chi mọc dại để đặt ong tại đó, ngày ngày ong thu mật và tích luỹ. Đây là việc khai thác bền vững vì trong quá trình thu mật, người nuôi ong không thu toàn bộ mật và không khai thác phấn ong, mỗi khuôn mật sẽ chỉ thu một phần, phần còn lại cùng nhộng ong, ong non và phấn ong được giữ lại, trả về cho đàn để duy trì sinh trưởng tự nhiên, bền vững. Hiểu được tầm quan trọng của loài ong trong hệ sinh thái, nên A Little Leaf rất lưu tâm về điều này. \n\r\n\n\r\nMật ong hoa xuyến chi nhà Leaf hoàn toàn tự nhiên, có nguồn gốc nguyên liệu sạch, canh tác không hoá chất, tôn trọng sinh trưởng tự nhiên, các chỉ số về chất lượng luôn nằm trong nhóm mật tự nhiên tiêu chuẩn cao. Mật vàng ruộm màu hổ phách trong veo, nhìn thôi cũng thấy ngon miệng. \n\r\n\n\r\n🌱Buổi sáng của bạn sẽ khoẻ và ngọt ngào hơn với cốc chanh mật ong ấm. Ly trà mỗi ngày cũng nhớ thêm chút mật ong. Ngoài ra, bạn có thể ăn mật ong kèm bánh mì, pha trà sữa dùng mật ong tạo độ ngọt dịu và healthy hơn. Khi ốm mệt, cũng đừng quên cốc trà gừng mật ong, bạn nhé!', 100, 1),
(127, 19, 'Rượu Haku', 280000, '🍑Rượu Mơ nhà Leaf\n\r\n\n\r\n🌿Haku là món rượu để thưởng thức, để nhấp từng ngụm nhỏ, nhè nhẹ, bên cạnh người thân. Với mỗi ngụm rượu, bạn sẽ thấy mình đủ đầy và trọn vẹn, thấy mình được là chính mình, thấy cả một vườn Mơ mùa xuân đang nở rộ.\n\r\n\n\r\n🌱Rượu mơ Haku sẽ không khiến bạn say, mà khiến bạn có thêm nhiều yêu thương, thêm những khoảnh khắc hạnh phúc và ấm áp bên cạnh người thân.\n\r\n\n\r\nLeaf chúc bạn luôn được sống trọn vẹn là chính mình. Yêu thương 🌱\n\r\n\n\r\nDung Tích: 380ml \r\n', 100, 1),
(128, 19, 'Set Quà Trà Chiều', 600000, '', 100, 1),
(129, 19, 'Set Tách Hoa Tulip', 250000, '', 100, 1),
(130, 19, 'Trà atiso đỏ (Hibiscus)', 135000, 'Cứ khi nào mình muốn tìm một loại trà để ăn bánh, thể nào lựa chọn đầu tiên cũng là Trà Atiso đỏ (Hibiscus tea), vì hương vị chua ngọt nhẹ nhàng có thể hợp với bất kì loại đồ ngọt nào, và màu đỏ ruby đặt trên bàn tiệc trà thì xinh yêu khôn tả. Và ngược lại, cứ hễ nhấp tách Trà Atiso đỏ là đầu lưỡi lại nhớ vị bánh, vị kem ngọt ngào khôn xiết. Bạn có đang tìm loại trà cho những bữa trà chiều của mình không? Chúng mình có Trà Atiso đỏ này!!!\\n\r\n\n\r\nDung tích hũ trà: 230ml\n\r\n\n\r\nBảo quản: nơi khô ráo, thoáng mát\n\r\n\n\r\nHạn sử dụng: 12 tháng kể từ ngày mở nắp', 100, 1),
(131, 19, 'Trà Bạc Hà', 115000, 'Mình muốn đổi tên Trà Bạc Hà (Peppermint tea) thành Trà Bác Sĩ quá, vì những lợi ích bạn ấy đem lại cho sức khoẻ của chúng mình nhiều lắm thay. Để mình kể cho các bạn nghe nha: ví dụ như tốt cho chiếc dạ dày đang đầy và nóng của chúng mình này; hỗ trợ tiêu hoá nữa, còn chống cảm cúm, giúp hạ sốt và giảm thiểu tình trạng nôn mửa nữa. Chần chừ gì nữa, các đồng chí nhân viên A Little Leaf, mau điều một chú \"Trà Bác Sĩ\" về nhà chăm sóc sức khoẻ cả nhà ngay cho tôi!!!\n\r\n\n\r\nDung tích hũ trà: 230ml\n\r\n\n\r\nBảo quản: nơi khô ráo, thoáng mát\n\r\n\n\r\nHạn sử dụng: 12 tháng kể từ ngày mở nắp\r\n', 100, 1),
(132, 19, 'Trà buổi tối (Goodnight Tea)', 165000, 'Giấc ngủ là một trong những tiền đề quan trọng để có một cơ thể khoẻ mạnh, xin bạn hãy nâng niu thật tốt và luôn khoẻ mạnh nha. Chúng mình có Trà Buổi Tối, hay còn gọi là Trà Chúc Ngủ Ngon (Good night tea), trước khi đi ngủ, hay pha một tách, vừa nhâm nhi vừa đọc những câu truyện trẻ con nhẹ nhàng, hoặc nghe những bản nhạc du dương để có thể bình an chìm vào giấc ngủ, bạn nhé!\n\r\n\n\r\nDung tích hũ trà: 230ml\n\r\n\n\r\nBảo quản: nơi khô ráo, thoáng mát\n\r\n\n\r\nHạn sử dụng: 12 tháng kể từ ngày mở nắp', 100, 1),
(133, 19, 'Trà Cam', 115000, 'Những lúc bận rộn hay căng thẳng thường, lại cộng với những ngày mùa xuân ẩm ướt, khiến người ta vừa uể oải vừa chán ngán chẳng buồn ăn, nhưng mà bỏ bữa miết hoặc ăn qua loa sẽ khiến chúng mình dễ ốm lắm ấy! Những lúc thế này, mình thường xúc một ít Trà Cam (Orange tea) bỏ vào lọc trà xinh xinh của A Little leaf, mùi cam dịu dàng ngửi đã thấy nhẹ nhõm, vị chua chua nhẹ thể nào cũng sẽ khiến bạn đói bụng, vội thì cũng không nhịn được mà lục mấy chiếc bánh quy, mà thong thả thì phải đứng lên tìm một bữa ấm bụng ngay tức khắc!!!\r\n\n\r\nDung tích hũ trà: 230ml\n\r\n\n\r\nBảo quản: nơi khô ráo, thoáng mát\n\r\n\n\r\nHạn sử dụng: 12 tháng kể từ ngày mở nắp', 100, 1),
(134, 20, 'Ấm Cổ Ngỗng 1,2L', 650000, '', 100, 1),
(135, 20, 'Ấm Cổ Ngỗng 1L', 580000, '', 100, 1),
(136, 20, 'Bình Cafe Cổ Ngỗng Giữ Nhiệt', 1320000, '', 100, 1),
(137, 20, 'Bình cafe inox tay gỗ', 650000, '', 100, 1),
(138, 20, 'Bình Thủy Tinh Silicon', 690000, '- Chất liệu: nắp silicon, thân bình thủy tinh, lọc inox và pp\n\r\n- Kích thước: 30cm x 8,3cm \n\r\n- Dung tích: 1000ml', 100, 1),
(139, 20, 'Bình Xay Cafe 4.0', 380000, '- Chất liệu: PP\n\r\n\n\r\n- Kích thước: 15.7 x 7.2 cm (đường kính x chiều cao)\r\n', 100, 1),
(140, 21, 'Nhang Trầm Sả', 60000, 'Thành phần: Trầm hương, sả chanh, vỏ bời lời.\n\r\n\n\r\nCông dụng:\n\r\n\n\r\n- Giúp tinh thần sảng khoái giảm stress.\n\r\n\n\r\n- Hỗ trợ tốt cho thiền định và yoga.\n\r\n\n\r\nHộp: 180 cây\n\r\n\n\r\nTép: 50 cây', 99, 1),
(141, 21, 'Bó Quế (3 Thanh)', 28000, 'Mùa đông đến, trong túi xách có vài thanh Quế xinh xinh thật thích, mùi hương ấm áp lan toả, khiến người ta nhẹ nhõm hơn.\n\r\n\n\r\nThi thoảng đốt một thanh Quế sẽ giúp trường năng lượng của bạn tích cực, đem lại sự dồi dào, trù phú, hấp dẫn may mắn về tiền bạc đến với mình!', 100, 1),
(142, 21, 'Bó Tuyết Tùng (Cedar Smudge)', 350000, '', 100, 1),
(143, 21, 'Đốt Trầm Quýt Nhỏ', 125000, 'Kích Thước: Dài 4,3cm x Rộng 4,4cm x Cao 4,7cm\r\nCó thể bạn chưa biết, những loại trái cây họ cam quýt thường được bày trên mâm ngũ quả với mong muốn tượng trưng cho sự giàu có và tài lộc dư dả bởi màu sắc và ngoại hình của chúng.\r\nNgoài ra trong tiếng hán \"Cam/quýt\" đồng âm với \"Tốt lành\" mang ý nghĩa may mắn\r\nVới thiết kế thủ công tinh xảo, sống động như thật, đế đốt trầm sẽ mang lại không gian trà thiền thanh tịnh, nhẹ nhàng', 100, 1),
(144, 21, 'Gỗ Palo Santo', 150000, 'Palo santo nghĩa là “gỗ của những vị Thánh” có mùi hương tự nhiên rất thơm và ấm, nó có tác dụng xoa dịu, mang lại sự bình yên và thanh thản cho nội tâm, đưa chúng ta về trạng thái cân bằng, tích cực.\n\r\n\n\r\nCác Shaman (pháp sư) từ nền văn minh Maya và Inca thường đốt Palo Santo trong các nghi lễ vì chúng có tác dụng thanh tẩy và khả năng kết nối mạnh mẽ với trực giác cũng như sự thông tuệ của con người.\n\r\n\n\r\nNhững thanh gỗ Palo Santo nhà Leaf đến từ Peru, được cắt thủ công bằng tay nên trông tự nhiên, mỗi thanh đều khác biệt, mùi hương gỗ tinh tế, mang một chút ngọt nhẹ, tinh dầu thấm trong các thớ gỗ sẽ giải phóng khắp không gian khi bạn đốt lên thanh gỗ thánh nhỏ xinh này!', 99, 1),
(145, 21, 'Hũ Gỗ Đàn Hương (50g)', 280000, 'Gỗ Đàn Hương (Sandalwood) có mùi hương đặc biệt dịu dàng, có tác dụng an thần, ổn định tâm trí, làm dịu đi những tâm trạng đang căng thẳng, quả đúng là thích hợp với những người đang ngày ngày mệt mỏi giữa đô thị phồn hoa như chúng ta.\n\r\n\n\r\nNgoài ra những thanh gỗ Đàn Hương của A Little Leaf rất nhỏ xinh, thích hợp để bỏ trong túi xách hoặc balo, đây là loại gỗ giúp bạn thu hút năng lượng tích cực và thanh tẩy trường không khí rất tốt. Hãy mang theo chúng để chúng mình luôn có một bầu không khí trong sạch và nhiệt thành bao quanh nhé.', 100, 1),
(146, 21, 'Hương Đạo Trúc Mây', 25000, '- Chất Liệu: Bột Nén Thơm \n\r\n- Kích Thước hộp: Đường kính 5cm\n\r\n- Sản phẩm kèm hộp\n\r\n- Nhỏ gọn, dễ dàng mang theo\n', 100, 1),
(147, 21, 'Lư Đốt Trầm Lục', 680000, 'Chất Liệu: Gốm sứ tráng men thủy tinh\n\r\n\n\r\nKích Thước: \r\n+ Mẫu Cao: 6,5x10cm\r\n+ Mẫu Thấp: 12x8cm ', 99, 1),
(148, 21, 'Nhang Hoa Cúc', 75000, 'Thành phần: Hoa cúc, vỏ bời lời\n\r\n\n\r\nCông dụng:\n\r\n\n\r\n- Giúp tinh thần sảng khoái giảm stress.\n\r\n\n\r\n- Hỗ trợ tốt cho thiền định và yoga.\n\r\n\n\r\nHộp: 180cây\n\r\n\n\r\nTép: 50 cây', 100, 1),
(149, 21, 'Nhang Khuynh Diệp', 40000, 'Thành phần: Lá cây khuynh diệp, vỏ bời lời\n\r\n\n\r\nCông dụng: \n\r\n\n\r\n- Hương khuynh diệp là nguyên liệu để xông, đốt, giải cảm, rất tốt cho sức khỏe, hô hấp, giúp tinh thần thư giãn, giảm stress.\n\r\n\n\r\n- Giúp xua đuổi muỗi và các loại côn trùng\n\r\n\n\r\nHộp: 180 cây\n\r\n\n\r\nTép: 50 cây', 99, 1),
(151, 22, 'Bếp Xông (kèm đĩa nến)', 165000, '- Chất liệu: gốm đất nung \n\r\n- Kích thước: chiều cao 10cm, đường kính 9cm ', 100, 1),
(152, 22, 'Bếp Xông Mây', 165000, '', 100, 1),
(153, 22, 'Bếp xông tinh dầu, thảo mộc điện', 650000, '', 100, 1),
(154, 22, 'Chuông Đồng Nepal', 480000, '- Chất liệu: Đồng nguyên chất\n\r\n\n\r\n-  Kích thước: đường kính 6,5 cm', 100, 1),
(155, 22, 'Đế Sắc Màu', 155000, 'Kích thước: 9cm (đường kính)', 100, 1),
(156, 22, 'Đế Sen Gỗ', 680000, '- Chất Liệu: Gỗ Cẩm Lai\n\r\n- Kích Thước: 4x12cm\n\r\n- Trọng Lượng:190g\n\r\n- Ý Nghĩa Kết Cấu: Đế Trầm chạm khắc Đài Sen mang ngụ ý may mắn, tốt lành\n\r\n- Quá Trình: Chạm Khắc Thủ Công\n\r\n\n\r\n+ Bền mặt được mài nhám, đánh bóng bằng tay.\n\r\n\n\r\n+ Cánh sen được các nghệ nhân chạm khắc tỉ mỉ, kết cấu rõ ràng,sắc nét tạo nên hiệu ứng ba chiều.\n\r\n\n\r\n+ Gỗ Cẩm Lai giữ nguyên được những đường vân gỗ và sắc hồng tự nhiên,không chất độc hại. Để lưu giữ màu sắc bền lâu, những người thợ phủ bao ngoài đế sen một lớp sáp mỏng.', 100, 1),
(157, 23, 'Bó Thạch Cao', 250000, '', 100, 1),
(158, 23, 'Chuỗi Vòng 18 Hạt Bồ Đề', 250000, '', 100, 1),
(159, 23, 'Cụm Tinh Thể Thạch Anh Trắng', 135000, '', 100, 1),
(160, 23, 'Đá Bích Tủy Đen', 95000, '', 100, 1),
(161, 23, 'Đá Kyanite', 95000, '', 100, 1),
(162, 23, 'Đá Pha Lê Xanh', 120000, '', 100, 1),
(163, 23, 'Đá Thô Thạch Anh Tím', 65000, '- Chất Liệu: Đá Thạch Anh\n\r\n- Cấu Tạo: Tinh Thể Thô Tự Nhiên\n\r\n- Kích Thước: 2,5 - 3,5cm\n\r\n- Trọng Lượng: Khoảng 8g\n\r\n- Quá Trình: Sản xuất thủ công\n\r\n- Công Dụng:Đá Thạch Anh thô có thể mang theo bên mình hoặc dùng làm đá khuếch tán mùi hương tinh dầu\n\r\n- Ý Nghĩa:\n\r\nThạch anh tím được coi là biểu tượng cho tâm trí sáng suốt, điềm tĩnh, có khả năng giải độc, chữa bệnh, trừ tà và bảo vệ khỏi những tác động xấu của môi trường, mang đến cảm giác bình yên, an tâm.\n\r\nKhông chỉ vậy, đá Thạch Anh Tím còn được gọi là “Đá bảo hộ tình yêu”. Thạch anh tím có thể trao cho các cặp vợ chồng, những đôi yêu nhau lòng can đảm, sự trung thực và sự sâu sắc trong tình yêu.\n\r\n\n\r\n* Note: Tùy từng viên đá sẽ có kích thước và hình dáng khác nhau vì được sản xuất tự nhiên thủ công', 100, 1),
(164, 24, 'Chụp Nến Thủy Tinh', 370000, '- 12x10cm (cao x rộng)', 96, 1),
(165, 24, 'Đế Nến Hoa Tulip', 270000, '', 99, 1),
(166, 24, 'Diêm Thủy Tinh Matches', 120000, '- Chất Liệu: Lọ đựng bằng thủy tinh borosilicate, diêm gỗ\n\r\n- Kích Thước: Chiều dài 10cm\n\r\n- Thiết kế: Đầu que diêm có màu sắc, thân lọ có miếng dán quẹt lửa\n\r\n- Số lượng: 150 que/lọ\n\r\n- Cách dùng: Giữ que diêm và tấm quẹt trên thân lọ ở góc 45 độ, sau đó quẹt nhẹ để đánh lửa\n\r\n* Note: Sau mỗi lần lấy que diêm ra khỏi lọ hãy đậy nút gỗ lại nhé, vì que diêm là từ gỗ nên sẽ bị ảnh hưởng bởi nhiệt độ và độ ẩm bên ngoài', 95, 1),
(167, 25, 'Bếp Xông Bánh Bao', 165000, '- Chất liệu: gốm đất nung \n\r\n- Kích thước: chiều cao 10cm, đường kính 13cm ', 100, 1),
(168, 25, 'Đế Khuếch Tán Tinh Dầu Meditation', 320000, '- Chất liệu: Thủy tinh màu\n\r\n\n\r\n- Kích thước: 10.5 x 7.5 x 14 cm (đường kính miệng x đường kính đáy x chiều cao) ', 100, 1),
(169, 25, 'Khuếch Tán Tinh Dầu Địa Cầu', 1250000, '- Chất liệu: gỗ óc chó đen giúp khóa hương tinh dầu và khuếch tán từ từ ra không gian\n\r\n\n\r\nSự kết hợp giữa vòng sao bằng đồng trầm lặng và gỗ óc chó đen ấm, kích thước được cân nhắc tinh xảo, thuận tiện cho việc khuếch tán hương thơm và dùng làm vật trang trí\n\r\n\n\r\nNhỏ 2 - 3 giọt tinh dầu có thể khuếch tán hương thơm cả ngày.', 100, 1),
(170, 25, 'Khuếch Tán Tinh Dầu Giọt Nước', 650000, '- Chất liệu: PP\n\r\n- Dung tích: 300ml', 100, 1),
(171, 25, 'Khuếch tán tinh dầu Reed (lọ thủy tinh)', 420000, '- Thành phần: Tinh dầu, nước tinh khiết\n\r\n\n\r\n- Một set gồm có: 1 lọ tinh dầu, 1 lọ thủy tinh rỗng, 12 que sậy khuếch tán\n\r\n\n\r\n- Dung tích: 250ml\n\r\n\n\r\n- Kích thước:\n\r\n\n\r\n+ Lọ tinh dầu: 3 x 5.5 x 15cm (đường kính cổ lọ x đường kính đáy x chiều cao)\n\r\n\n\r\n+ Lọ thủy tinh rỗng: 3 x 6.5 x 10.5cm (đường kính cổ lọ x đường kính đáy x chiều cao)\n\r\n\n\r\n+ Que sậy khuếch tán: 27 cm', 100, 1),
(172, 25, 'Khuếch Tán Tinh Dầu Rose', 520000, '- Kích thước: 12x11,6 cm (đường kính x chiều cao)\n\r\n- Dung tích: 300ml\n\r\n- Khối lượng: 260gr\n\r\n- Nguồn điện: 5V - 2A', 100, 1),
(173, 25, 'Khuếch Tán Tinh Dầu Tròn', 650000, '- Chất liệu: nhựa PP\n\r\n- Kích thước: 16 x 18 cm (đường kính x chiều cao)\n\r\n- Dung tích: 500mL\n\r\n- Thời gian phun sương tối đa: 10 giờ\n\r\nMáy khuếch tán phù hợp cho căn phòng có diện tích từ 10 đến 20 m2, máy có chế độ hẹn giờ và có thể sử dụng như một chiếc đèn ngủ vào ban đêm.', 100, 1),
(174, 26, 'Khăn Cotton Họa Tiết Cổ Điển', 65000, '- Kích thước: 25x25cm\n\r\n- Chất liệu: Cotton\n\r\n- Khăn bàn ăn, khăn tay nhỏ gọn tiện lợi', 99, 1),
(175, 26, 'Khăn Hier', 150000, '', 100, 1),
(176, 26, 'Khăn Pain (40x50)', 125000, '', 100, 1),
(177, 26, 'Khăn Trải Bàn Cat Flowers', 220000, '- Kích Thước: 30x45cm\n\r\n- Chất Liệu: Vải Cotton', 100, 1),
(178, 26, 'Khăn Trải Bàn Trắng Hoa Xanh', 145000, '', 100, 1),
(180, 27, 'Bình Hoa Đỏ Vintage', 350000, '- Chất Liệu: Gốm Sứ \n\r\n- Kích Thước:  Cao 20cm x Đường kính miệng 7,9cm x Đường kính 11,5cm ', 100, 1),
(181, 27, 'Chậu Gốm Sứ Hoa Xanh', 175000, '- Chất Liệu: Gốm sứ\n\r\n- Kích Thước: \n\r\n- Chiều cao tổng 15,5cm\n\r\n- Chiều cao thân bình: 10cm\n\r\n- Đường kính miệng 12cm\n\r\n- Đường kính đáy 10cm', 99, 1),
(182, 27, 'Đĩa Cắm Hoa Ikebana Đế Cao', 980000, '- Chất Liệu: Gốm đá\n\r\n- Kích Thước: Đường kính 20cm x Cao 12cm', 100, 1),
(183, 27, 'Bình Nứt Hoa Mai Xanh', 430000, 'Làng nghề gốm thủ công truyền thống, kỹ thuật tráng men đá nứt\n\r\nHoa văn sắc nét, trang nhã\n\r\n\n\r\n- Chất Liệu: Gốm sứ\n\r\n- Kích Thước: \n\r\n+ Dài 14,5cm\n\r\n+ Rộng 14,5cm\n\r\n+ Cao 20cm\n\r\n+ Đường kính miệng: 10cm', 100, 1),
(184, 27, 'Bình Hoa Bạc Khắc Nổi', 480000, '- Chất Liệu: Gốm sứ + Mạ điện\n\r\n- Kích Thước: 8x20cm', 100, 1),
(185, 27, 'Bình Hoa Sứ Chuông', 595000, 'Gió thổi, chuông ngân, hoa nở, mùa xuân đến \n\r\nLấy thiết kế cảm hứng từ chiếc chuông mang sự dịu dàng của gió, chiếc chuông còn có ý nghĩa mang lại niềm hỷ vọng, tốt lành, êm đềm cho cuộc sống\n\r\nKích Thước: Đường kính miệng 10cm, Đường kính đáy 8cm, Cao 20cm', 100, 1),
(186, 28, 'Giỏ Cói Lớn', 360000, '', 100, 1),
(187, 28, 'Giỏ Đa Năng Xanh', 325000, '', 98, 1),
(188, 28, 'Giỏ Hoa, Cỏ', 250000, '', 100, 1),
(189, 28, 'Giỏ Kim Loại Bí Ngô', 285000, '', 100, 1),
(190, 28, 'Giỏ Lục Bình Tròn Thấp', 180000, '', 100, 1),
(191, 28, 'Giỏ Mây Sáng Dài', 175000, '', 100, 1),
(192, 29, 'Cún Gốm Lớn', 890000, '', 100, 1),
(193, 29, 'Mèo Gốm Múp', 175000, '', 100, 1),
(194, 29, 'Mèo Juhan Gốm', 180000, '', 100, 1),
(195, 29, 'Tượng Gốm Rồng Thiền', 270000, '- Chất Liệu: Gốm\n\r\n- Kích Thước: Dài 4,3cm x Rộng 5,9cm x Cao 8,6cm \n\r\n- Đường nét thủ công tinh xảo, bố cục cân đối\n\r\n- Thiết kế tinh tế, chạm khắc ba chiều điêu luyện\n\r\n\n\r\nChú Rồng mang phong thái đĩnh đặc, điềm tĩnh cũng chính là lời nhắn nhủ thâm tình\r\nDecor, trang trí không gian, bàn làm việc, bàn trà thiền, xê ô tô,...\n\r\n*Note: Sản phẩm chưa kèm tấm lót ', 100, 1),
(196, 29, 'Tượng Gốm Tiểu Long Tử', 220000, '- Chất Liệu: Gốm sứ\n\r\n- Kích Thước: Dài 7cm x Rộng 6,8cm x Cao 8cm\n\r\n\n\r\nSản phẩm gốm sứ thủ công tinh xảo, cao cấp\n\r\nĐiểm nhấn của bé Rồng là đôi mắt sáng với biểu cảm dễ thương, ngộ nghĩnh\n\r\nDecor trang trí không gian, bàn trà, bàn làm việc thêm thú vị, sinh động\n\r\nBé Rồng với hành động đợi ăn đáng yêu mang lại cho cuộc sống thêm phần vui vẻ, lạc quan\n\r\n\" Dù bận rộn nhưng đừng quên bé nha ^^\"', 100, 1),
(197, 29, 'Tượng Mèo Sứ Đeo Chuông', 240000, 'Nghệ thuật truyền thống tạo nên hương vị cao đẹp của cuộc sống\n\r\n- Chất liệu gốm sứ, quy trình tạo hình, trang trí thủ công\n\r\n- Kích thước: 8.9 x 3.7 x 7.6 cm', 100, 1),
(198, 30, 'Bàn Gỗ Cao', 450000, '', 100, 1),
(199, 30, 'Bàn Rượu Di Động', 430000, '- Đường kính 30cm, cao 15cm\n\r\n\n\r\n- Chất liệu gỗ mộc chưa phủ sơn', 100, 1),
(200, 30, 'Bàn Tay Gốm Hoa', 285000, '', 100, 1),
(201, 30, 'Bàn Trà', 1650000, 'Kích thước: 26cm x 40cm x 59cm ( cao x rộng x dài)', 100, 1),
(202, 30, 'Bó Hoa Hướng Dương Đan Len', 170000, 'Kích Thước: 50x14cm ( tính cả túi đựng )', 100, 1),
(203, 30, 'Bó Hoa Vải', 150000, '', 100, 1),
(204, 30, 'Bóng Tre (Đồ Chơi Của Boss)', 155000, '- Chất liệu: tre đan\n\r\n- Kích thước:\n\r\n+ Lớn: 15cm\n\r\n+ Nhỏ: 12cm', 100, 1),
(205, 30, 'Chân Nến Cây Nấm', 285000, '', 100, 1),
(206, 31, 'Bờm Hello Kitty', 70000, '', 99, 1),
(207, 31, 'Dây Buộc Tóc Hoa Nhí', 38000, '', 100, 1),
(208, 31, 'Dây Buộc Tóc Vải Dạ', 38000, '', 100, 1),
(209, 31, 'Kẹp Basic Nhỏ', 25000, '', 100, 1),
(210, 31, 'Kẹp Hoa Hồng', 45000, '', 100, 1),
(211, 31, 'Kẹp Ngọc Trai Đỏ Mini', 35000, '', 100, 1),
(212, 31, 'Kẹp Nhung Trái Tim Love', 45000, '', 100, 1),
(213, 31, 'Kẹp Nơ Hồng Mini', 25000, '', 100, 1),
(214, 31, 'Kẹp Puppy', 75000, '', 100, 1),
(215, 32, 'Bàn Chải Tắm Bầu Dục (4,5inch)', 130000, '', 100, 1),
(216, 32, 'Bàn Chải Tắm Dài', 165000, '', 100, 1),
(217, 32, 'Đèn Đá Muối Hình Cầu', 1200000, '', 100, 1),
(218, 32, 'Đèn Đá Muối Massage', 1450000, '', 100, 1),
(219, 32, 'Đèn Phun Sương Jena', 230000, '- Chất Liệu: ABS/PP/Linh kiện điện tử\n\r\n- Công Dụng: Phun Sương Tạo Ẩm\n\r\n- Dung Tích: 300ml\n\r\n- Trọng Lượng: 150g\n\r\n- Kích Thước: 11,6x 11,6x 10,2cm\n\r\n- Chế độ:\n\r\n+ 3 chế độ đèn, ánh sáng dịu nhẹ\n\r\n+ 2 chế độ phun sương\n\r\n-Tốc độ tạo ẩm: 50ml/giờ, hiệu suất tạo ẩm lên đến 99%\n\r\n- Thời gian sử dụng:\n\r\n+ Dùng Liên Tiếp: 4h\n\r\n+ Dùng Gián Đoạn: 8h\n\r\n- Cách sử dụng: Mở nắp và đổ nước trực tiếp\n\r\n- Thiết kế đơn giản, tinh tế, không tạo tiếng ồn\n\r\n- Thông số: DC5V; 300 - 450mA; 2,2V', 100, 1),
(220, 32, 'Lược Gỗ Matxa Mèo Con', 85000, '- Chất liệu: cây tre/trúc\n\r\n- Công dụng: chăm sóc tóc', 100, 1),
(221, 32, 'Loa Quả Sồi', 370000, '- Dung lượng pin: 400mAh\n\r\n- Sạc đầy pin trong 1,5 tiếng.\n\r\n- Dùng được 4 - 5 tiếng với âm lượng 50%', 100, 1),
(222, 33, 'Bình Thủy Tinh Detox (500ml)', 135000, '- Chất liệu: thủy tinh\n\r\n\n\r\n- Dung tích: 500ml\n\r\n\n\r\n- Kích thước: như hình', 100, 1),
(223, 33, 'Bình Thủy Tinh Hai Lớp (350ml)', 225000, '- Chất liệu: tre, thủy tinh, inox\n\r\n- Dung tích: 350ml', 100, 1),
(224, 33, 'Bình Thủy Tinh Hai Lớp (450ml)', 275000, 'Dung tích: 450ml \n\r\n\n\r\nChất liệu: Thân bình là thủy tinh 2 lớp (Borosilicat glass), nắp bình là tre và nhựa PP, loi lọc trà là inox 304 \n\r\n\n\r\nKích thước: 6.5*7.1*22.8 cm \n\r\n\n\r\nKhối lượng: 410 g \n\r\n\n\r\nMô tả: Bạn bình thuỷ tinh hai lớp có khả năng giữ nhiệt từ 6 -8 tiếng. Bạn ấy có nắp bọc tre và lọc trà được làm từ inox 304 chất lượng có thể tháo lắp dễ dàng, tiện lợi.\n Ngoài ra, vì là bình thủy tinh nên nếu tụi mình bỏ vài lát hoa quả vào nước để detox thì trông cũng xịn xò lắm luôn đó.\n\r\n\n\r\nTụi mình còn nhận khắc chữ lên bình, với 65k cho 1 vị trí khắc ', 100, 1),
(226, 33, 'Cốc Giữ Nhiệt Be', 250000, '- Chất liệu: inox 304\n\r\n- Dung tích 360ml\n\r\n- Cao 13cm \n\r\n- Đường kính miệng 8cm ', 100, 1),
(227, 34, 'Túi Đeo Vai Đan Thủ Công Kaki', 185000, '-  Kích Thước: \n\r\n+ Rộng: 34cm\n\r\n+ Dài tổng: 55cm\n\r\n+ Dày đáy: 10cm\n\r\n+ Cao tay cầm: 24cm\n\r\n-  Chất Liệu: Vải Đay + Da PU', 100, 1),
(228, 34, 'Túi Hồng Amber', 195000, '', 100, 1),
(229, 34, 'Túi Màu Sắc Cổ Điển', 135000, '- Chất Liệu: Vải cotton  + Lót poplin\n\r\n-  Không gian trong rộng rãi mang theo đi học, đi làm hàng ngày, có thể làm giỏ đựng đồ khi đi mua sắm,…\r\n-  Xách tay hoặc đeo vai đều tiện lợi\n\r\n- Kích Thước: Rộng 43cm x Cao 36cm x Dây đeo 70cm (tổng)', 100, 1),
(230, 34, 'Túi Tote Dây Buộc', 165000, '', 100, 1),
(231, 34, 'Túi Tote Enjoy', 165000, '', 100, 1),
(232, 34, 'Túi Tote Hoạt Hình Mèo', 165000, '- Chất Liệu: Vải Tote\n\r\n- Kích Thước: 38x40cm\n\r\n- Sức chứa: chai nước, ô, sách A4\n\r\n- Có túi nhỏ ngăn nhỏ bên trong đựng điện thoại, mỹ phẩm\n\r\n-  Có khóa kéo miệng túi tiện lợi', 100, 1),
(233, 35, 'Bookmark Cá Voi (kèm hộp)', 285000, '- Chất liệu: hợp kim chống gỉ\n\r\n-  Kích thước Cá Voi: 100x55mm\n\r\n- Độ dài dây: 140mm', 100, 1),
(234, 35, 'Bookmark Trà Hoa', 180000, '-  Kèm hộp đựng\r\n-  Chất Liệu: Thép không gỉ                      ', 100, 1),
(235, 35, 'Đèn Phi Hành Gia', 95000, '', 100, 1),
(236, 35, 'Sổ Hương Thảo A5 (giấy mix)', 360000, '', 100, 1),
(237, 36, 'Đế Nến Voi Gốm', 195000, '', 100, 1),
(238, 36, 'Găng Tay Bông Teddy', 125000, '', 100, 1),
(239, 36, 'Khăn Choàng Cổ Hình Thoi', 280000, '', 100, 1),
(240, 36, 'Sạc Dự Phòng, Sưởi Ấm Animal', 550000, 'Công Dụng & Cách Dùng\n\r\n+ Sưởi Ấm, Chườm  : Nhấn giữ nút nguồn 3s cho đến khi đèn trắng chuyển màu đỏ\n\r\n+ Sạc Dự Phòng Điện Thoại: Ổ cắm sạc USB\n\r\n+ Phun Sương Tạo Ẩm: Bơm nước vào khoang chứa nước và nhấn nút ở mặt trước để phun sương\n\r\n+ Đèn pin chiếu sáng: Nhấn đúp nút nguồn \n\r\n\n\r\nMáy sưởi ấm 2 mặt di động nhỏ gọn vào mùa đông\n\r\nDung lượng pin lớn, pin tích hợp chất lượng cao\n\r\nPhun sương mịn nano dưỡng ẩm giúp làn da không khô rát\n\r\nThiết kế 2 lớp chống rò rỉ nước\n\r\nĐèn pin chiếu sáng giúp tìm đồ vật nhỏ\n\r\nKích thước nhỏ gọn, dễ dàng mang theo\n\r\n\n\r\nDung lượng pin: 5400mAh/7800mAh\n\r\nỔ sạc: 5V2A\n\r\nKích thước: 113x73x67mm\n\r\n\n\r\n*Lưu ý: Sản phẩm không phải đồ chơi cho trẻ dưới 14 tuổi', 100, 1),
(241, 36, 'Set Tất Cổ Tích Peter Rabbit', 330000, 'Bộ truyện Peter Rabbit được sáng tác bởi nữ nhà văn và hoạ sĩ người Anh - Beatrix Potter\n\r\n\n\r\nThống kê cách đây hơn 10 năm cho biết sách về chú thỏ Peter được dịch ra 36 ngôn ngữ và bán được 45 triệu bản, trở thành một trong những sách bán chạy nhất trong lịch sử, được ví như một tác phẩm huyền thoại kinh điển của văn học Anh\n\r\n\n\r\nCâu chuyện kể về cuộc sống du mục vui vẻ và lý thú của chú thỏ nhỏ Peter và những người bạn động vật. Series truyện Peter Rabbit đề cao giá trị của tình bạn, lòng dũng cảm, sự trung thực và sẵn sàng giúp đỡ bạn bè trong lúc hiểm nguy\n\r\n\n\r\nHộp quà xinh xắn trông như một cuốn sách, là một món quà ý nghĩa\n\r\nHộp quà gồm: 6 đôi tất và sticker', 100, 1),
(242, 36, 'Set Tất Teddy', 365000, '', 100, 1);

-- --------------------------------------------------------

--
-- Table structure for table `product-images`
--

CREATE TABLE `product-images` (
  `img_id` int(11) NOT NULL,
  `id_product` int(11) NOT NULL,
  `img_name` text NOT NULL
) ENGINE=InnoDB DEFAULT CHARSET=utf8mb4 COLLATE=utf8mb4_general_ci;

--
-- Dumping data for table `product-images`
--

INSERT INTO `product-images` (`img_id`, `id_product`, `img_name`) VALUES
(1, 74, 'ampicnic1.webp'),
(2, 74, 'ampicnic2.webp'),
(3, 74, 'ampicnic3.jpg'),
(4, 74, 'ampicnic4.jpg'),
(5, 74, 'ampicnic5.webp'),
(6, 1, 'amtrangmenmickey1.webp'),
(7, 1, 'amtrangmenmickey2.webp'),
(8, 1, 'amtrangmenmickey3.webp'),
(9, 1, 'amtrangmenmickey4.webp'),
(10, 2, 'amtrangmendaisy1.webp'),
(11, 2, 'amtrangmendaisy2.webp'),
(12, 2, 'amtrangmendaisy3.webp'),
(13, 3, 'bepnuongcontron1.webp'),
(14, 3, 'bepnuongcontron2.webp'),
(15, 3, 'bepnuongcontron3.jpg'),
(16, 3, 'bepnuongcontron4.webp'),
(17, 3, 'bepnuongcontron5.webp'),
(18, 4, 'beppicnicbag1.webp'),
(19, 4, 'beppicnicbag2.webp'),
(20, 4, 'beppicnicbag3.webp'),
(21, 4, 'beppicnicbag4.webp'),
(22, 4, 'beppicnicbag5.webp'),
(23, 4, 'beppicnicbag6.webp'),
(24, 4, 'beppicnicbag7.webp'),
(25, 4, 'beppicnicbag8.webp'),
(26, 5, 'chaodillxanhbo(195cm)1.webp'),
(27, 5, 'chaodillxanhbo(195cm)2.webp'),
(28, 5, 'chaodillxanhbo(195cm)3.webp'),
(29, 6, 'chaodo(24cm)1.webp'),
(30, 6, 'chaodo(24cm)2.webp'),
(31, 6, 'chaodo(24cm)3.webp'),
(32, 6, 'chaodo(24cm)4.webp'),
(33, 6, 'chaodo(24cm)5.webp'),
(34, 7, 'chaogangkorea1.jpg'),
(35, 7, 'chaogangkorea2.jpg'),
(36, 7, 'chaogangkorea3.jpg'),
(37, 7, 'chaogangkorea4.jpg'),
(38, 8, 'khuonbanhvoso1.jpg'),
(39, 9, 'maynuongyidpu1.webp'),
(40, 9, 'maynuongyidpu2.webp'),
(41, 9, 'maynuongyidpu3.webp'),
(42, 10, 'mayvatcam1.webp'),
(43, 10, 'mayvatcam2.webp'),
(44, 10, 'mayvatcam3.webp'),
(45, 10, 'mayvatcam4.webp'),
(46, 10, 'mayvatcam5.webp'),
(47, 10, 'mayvatcam6.webp'),
(48, 11, 'noidatnung1.webp'),
(49, 11, 'noidatnung2.jpg'),
(50, 11, 'noidatnung3.webp'),
(51, 11, 'noidatnung4.jpg'),
(52, 11, 'noidatnung5.webp'),
(53, 12, 'noidillxanhbo(172cm)1.webp'),
(54, 12, 'noidillxanhbo(172cm)2.jpg'),
(55, 12, 'noidillxanhbo(172cm)3.webp'),
(56, 12, 'noidillxanhbo(172cm)4.webp'),
(57, 13, 'noihokua1.webp'),
(58, 13, 'noihokua2.webp'),
(59, 13, 'noihokua3.webp'),
(60, 13, 'noihokua4.webp'),
(61, 14, 'bancafedidongphongcachbacau1.jpg'),
(62, 14, 'bancafedidongphongcachbacau2.webp'),
(63, 14, 'bancafedidongphongcachbacau3.webp'),
(64, 14, 'bancafedidongphongcachbacau4.webp'),
(65, 14, 'bancafedidongphongcachbacau5.webp'),
(66, 15, 'giadia3ngan1.webp'),
(67, 16, 'kedanang2tang3951.webp'),
(68, 16, 'kedanang2tang3952.webp'),
(69, 16, 'kedanang2tang3953.webp'),
(70, 17, 'kengoinhadanang1.jpg'),
(71, 17, 'kengoinhadanang2.webp'),
(72, 17, 'kengoinhadanang3.webp'),
(73, 17, 'kengoinhadanang4.webp'),
(74, 18, 'kepuff1.webp'),
(75, 18, 'kepuff2.webp'),
(76, 18, 'kepuff3.webp'),
(77, 19, 'ketrelapghep1.webp'),
(78, 19, 'ketrelapghep2.webp'),
(79, 19, 'ketrelapghep3.webp'),
(80, 19, 'ketrelapghep4.webp'),
(81, 20, 'amsieutocmickeymouse1.webp'),
(82, 20, 'amsieutocmickeymouse2.webp'),
(83, 20, 'amsieutocmickeymouse3.jpg'),
(84, 20, 'amsieutocmickeymouse4.webp'),
(85, 20, 'amsieutocmickeymouse5.webp'),
(86, 21, 'bepdienjane1.jpg'),
(87, 21, 'bepdienjane2.webp'),
(88, 21, 'bepdienjane3.webp'),
(89, 21, 'bepdienjane4.webp'),
(90, 21, 'bepdienjane5.webp'),
(91, 22, 'bepgacube1.webp'),
(92, 22, 'bepgacube2.webp'),
(93, 22, 'bepgacube3.jpg'),
(94, 22, 'bepgacube4.webp'),
(95, 22, 'bepgacube5.webp'),
(96, 23, 'bepgamini3chan1.webp'),
(97, 23, 'bepgamini3chan2.webp'),
(98, 23, 'bepgamini3chan3.webp'),
(99, 24, 'bepgasminibear1.webp'),
(100, 24, 'bepgasminibear2.webp'),
(101, 24, 'bepgasminibear3.webp'),
(102, 24, 'bepgasminibear4.webp'),
(103, 24, 'bepgasminibear5.webp'),
(104, 24, 'bepgasminibear6.webp'),
(105, 71, 'binhnuoccodienphap1.jpg'),
(106, 71, 'binhnuoccodienphap2.jpg'),
(107, 71, 'binhnuoccodienphap3.webp'),
(108, 71, 'binhnuoccodienphap4.jpg'),
(109, 71, 'binhnuoccodienphap5.jpg'),
(110, 71, 'binhnuoccodienphap6.webp'),
(111, 25, 'binhrotdauolive1000ml1.webp'),
(112, 25, 'binhrotdauolive1000ml2.webp'),
(113, 25, 'binhrotdauolive1000ml3.webp'),
(114, 25, 'binhrotdauolive1000ml4.webp'),
(115, 26, 'binhthuytinhdunghat5l1.jpg'),
(116, 26, 'binhthuytinhdunghat5l2.jpg'),
(117, 27, 'camduathuytinh1.webp'),
(118, 27, 'camduathuytinh2.jpg'),
(119, 27, 'camduathuytinh3.webp'),
(120, 28, 'camduatrangtron1.webp'),
(121, 29, 'chaimo500ml1.webp'),
(122, 30, 'cocdothetichnapgo1.webp'),
(123, 30, 'cocdothetichnapgo2.jpg'),
(124, 30, 'cocdothetichnapgo3.jpg'),
(125, 31, 'dantulanhcookie1.webp'),
(126, 31, 'dantulanhcookie2.jpg'),
(127, 31, 'dantulanhcookie3.webp'),
(128, 31, 'dantulanhcookie4.webp'),
(129, 31, 'dantulanhcookie5.webp'),
(130, 32, 'dantulanhmini1.webp'),
(131, 32, 'dantulanhmini2.jpg'),
(132, 32, 'dantulanhmini3.webp'),
(133, 32, 'dantulanhmini4.webp'),
(134, 33, 'daobaovochanh1.webp'),
(135, 33, 'daobaovochanh2.webp'),
(136, 33, 'daobaovochanh3.webp'),
(137, 34, 'daobepminipanda1.jpg'),
(138, 34, 'daobepminipanda2.jpg'),
(139, 34, 'daobepminipanda3.webp'),
(140, 34, 'daobepminipanda4.webp'),
(141, 34, 'daobepminipanda5.webp'),
(142, 35, 'daophetbocango1.webp'),
(143, 35, 'daophetbocango2.jpg'),
(144, 35, 'daophetbocango3.jpg'),
(145, 35, 'daophetbocango4.webp'),
(146, 35, 'daophetbocango5.jpg'),
(147, 36, 'diagolon1.webp'),
(148, 36, 'diagolon2.webp'),
(149, 36, 'diagolon3.jpg'),
(150, 36, 'diagolon4.jpg'),
(151, 36, 'diagolon5.jpg'),
(152, 37, 'diaxanhla1.webp'),
(153, 38, 'duaghepanhdao1.webp'),
(154, 38, 'duaghepanhdao2.webp'),
(155, 38, 'duaghepanhdao3.jpg'),
(156, 38, 'duaghepanhdao4.webp'),
(157, 39, 'duaghepcuonchi1.webp'),
(158, 39, 'duaghepcuonchi2.webp'),
(159, 39, 'duaghepcuonchi3.webp'),
(160, 39, 'duaghepcuonchi4.jpg'),
(161, 40, 'duaghepkhachoatiet1.jpg'),
(162, 40, 'duaghepkhachoatiet2.jpg'),
(163, 40, 'duaghepkhachoatiet3.jpg'),
(164, 40, 'duaghepkhachoatiet4.webp'),
(165, 41, 'duaghepmeo1.webp'),
(166, 41, 'duaghepmeo2.webp'),
(167, 41, 'duaghepmeo3.webp'),
(168, 41, 'duaghepmeo4.webp'),
(169, 41, 'duaghepmeo5.webp'),
(170, 42, 'duaghepnhatngan1.webp'),
(171, 42, 'duaghepnhatngan2.webp'),
(172, 42, 'duaghepnhatngan3.webp'),
(173, 42, 'duaghepnhatngan4.webp'),
(174, 42, 'duaghepnhatngan5.webp'),
(175, 43, 'duaghepovan1.webp'),
(176, 43, 'duaghepovan2.webp'),
(177, 43, 'duaghepovan3.jpg'),
(178, 43, 'duaghepovan4.jpg'),
(179, 43, 'duaghepovan5.webp'),
(180, 43, 'duaghepovan6.webp'),
(181, 44, 'duagocute1.webp'),
(182, 44, 'duagocute2.jpg'),
(183, 44, 'duagocute3.webp'),
(184, 44, 'duagocute4.jpg'),
(185, 45, 'duahoadao1.webp'),
(186, 45, 'duahoadao2.webp'),
(187, 45, 'duahoadao3.jpg'),
(188, 45, 'duahoadao4.webp'),
(189, 45, 'duahoadao5.webp'),
(190, 46, 'duameojapan1.webp'),
(191, 46, 'duameojapan2.jpg'),
(192, 46, 'duameojapan3.webp'),
(193, 46, 'duameojapan4.jpg'),
(194, 46, 'duameojapan5.webp'),
(195, 47, 'setthiadaodiaanne1.jpg'),
(196, 47, 'setthiadaodiaanne2.jpg'),
(197, 47, 'setthiadaodiaanne3.webp'),
(198, 47, 'setthiadaodiaanne4.jpg'),
(199, 47, 'setthiadaodiaanne5.jpg'),
(200, 48, 'set3thiasilicondo1.webp'),
(201, 48, 'set3thiasilicondo2.webp'),
(202, 49, 'batcomjulia(11cm)1.webp'),
(203, 50, 'batgiavilaudai1.webp'),
(204, 50, 'batgiavilaudai2.webp'),
(205, 50, 'batgiavilaudai3.webp'),
(206, 50, 'batgiavilaudai4.webp'),
(207, 50, 'batgiavilaudai5.webp'),
(208, 51, 'batgothap1.webp'),
(209, 51, 'batgothap2.webp'),
(210, 51, 'batgothap3.webp'),
(211, 51, 'batgothap4.webp'),
(212, 52, 'batgomdaisy1.webp'),
(213, 53, 'batgommeovang1.webp'),
(214, 53, 'batgommeovang2.webp'),
(215, 53, 'batgommeovang3.webp'),
(216, 53, 'batgommeovang4.webp'),
(217, 54, 'batgomnhoanimal1.webp'),
(218, 54, 'batgomnhoanimal2.webp'),
(219, 54, 'batgomnhoanimal3.webp'),
(220, 54, 'batgomnhoanimal4.jpg'),
(221, 54, 'batgomnhoanimal5.webp'),
(222, 54, 'batgomnhoanimal6.webp'),
(223, 55, 'batgomnyanko1.webp'),
(224, 55, 'batgomnyanko2.webp'),
(225, 55, 'batgomnyanko3.webp'),
(226, 55, 'batgomnyanko4.webp'),
(227, 55, 'batgomnyanko5.webp'),
(228, 56, 'batgomthucongcotai1.webp'),
(229, 56, 'batgomthucongcotai2.webp'),
(230, 56, 'batgomthucongcotai3.webp'),
(231, 56, 'batgomthucongcotai4.webp'),
(232, 56, 'batgomthucongcotai5.webp'),
(233, 56, 'batgomthucongcotai6.webp'),
(234, 57, 'batgomwabisabi1.webp'),
(235, 57, 'batgomwabisabi2.webp'),
(236, 57, 'batgomwabisabi3.webp'),
(237, 57, 'batgomwabisabi4.webp'),
(238, 57, 'batgomwabisabi5.webp'),
(239, 58, 'bathoanhoretro1.webp'),
(240, 58, 'bathoanhoretro2.webp'),
(241, 58, 'bathoanhoretro3.webp'),
(242, 58, 'bathoanhoretro4.webp'),
(243, 58, 'bathoanhoretro5.webp'),
(244, 59, 'batjulia(16cm)1.webp'),
(245, 60, 'batprettybear1.webp'),
(246, 60, 'batprettybear2.webp'),
(247, 60, 'batprettybear3.webp'),
(248, 60, 'batprettybear4.webp'),
(249, 60, 'batprettybear5.webp'),
(250, 61, 'batraucu1.webp'),
(251, 61, 'batraucu2.webp'),
(252, 62, 'batsucinnamon1.webp'),
(253, 62, 'batsucinnamon2.webp'),
(254, 63, 'batsusuongnhatban1.webp'),
(255, 63, 'batsusuongnhatban2.webp'),
(256, 63, 'batsusuongnhatban3.webp'),
(257, 63, 'batsusuongnhatban4.webp'),
(258, 63, 'batsusuongnhatban5.webp'),
(259, 64, 'amthuytinh1000ml1.webp'),
(260, 64, 'amthuytinh1000ml2.webp'),
(261, 65, 'amthuytinh1600ml1.webp'),
(262, 65, 'amthuytinh1600ml2.webp'),
(263, 65, 'amthuytinh1600ml3.jpg'),
(264, 65, 'amthuytinh1600ml4.webp'),
(265, 65, 'amthuytinh1600ml5.jpg'),
(266, 66, 'amthuytinhnapinox1800ml1.webp'),
(267, 66, 'amthuytinhnapinox1800ml2.webp'),
(268, 66, 'amthuytinhnapinox1800ml3.webp'),
(269, 66, 'amthuytinhnapinox1800ml4.webp'),
(270, 67, 'amtrangmentho1.webp'),
(271, 67, 'amtrangmentho2.webp'),
(272, 67, 'amtrangmentho3.webp'),
(273, 67, 'amtrangmentho4.webp'),
(274, 67, 'amtrangmentho5.webp'),
(275, 68, 'amtrangmenxanh1100ml1.webp'),
(276, 68, 'amtrangmenxanh1100ml2.webp'),
(277, 68, 'amtrangmenxanh1100ml3.webp'),
(278, 68, 'amtrangmenxanh1100ml4.webp'),
(279, 68, 'amtrangmenxanh1100ml5.webp'),
(280, 69, 'binhbigsizedenhom1.webp'),
(281, 70, 'binhbigsizegiasat1.webp'),
(282, 72, 'binhthuytinh(kemly)1.webp'),
(283, 72, 'binhthuytinh(kemly)2.webp'),
(284, 72, 'binhthuytinh(kemly)3.webp'),
(285, 72, 'binhthuytinh(kemly)4.webp'),
(286, 72, 'binhthuytinh(kemly)5.webp'),
(287, 73, 'setbinhsmile1.webp'),
(288, 73, 'setbinhsmile2.webp'),
(289, 73, 'setbinhsmile3.webp'),
(290, 73, 'setbinhsmile4.webp'),
(291, 73, 'setbinhsmile5.webp'),
(292, 75, 'quattranmini1.webp'),
(293, 75, 'quattranmini2.webp'),
(294, 75, 'quattranmini3.webp'),
(295, 75, 'quattranmini4.webp'),
(296, 75, 'quattranmini5.webp'),
(297, 75, 'quattranmini6.webp'),
(298, 76, 'thampicnicvit1.webp'),
(299, 76, 'thampicnicvit2.jpg'),
(300, 76, 'thampicnicvit3.webp'),
(301, 76, 'thampicnicvit4.webp'),
(302, 77, 'thamchancamtraidangoai1.jpg'),
(303, 77, 'thamchancamtraidangoai2.jpg'),
(304, 77, 'thamchancamtraidangoai3.jpg'),
(305, 77, 'thamchancamtraidangoai4.jpg'),
(306, 77, 'thamchancamtraidangoai5.jpg'),
(307, 77, 'thamchancamtraidangoai6.jpg'),
(308, 78, 'bo2tachlinhlan(kemhop)1.jpg'),
(309, 78, 'bo2tachlinhlan(kemhop)2.jpg'),
(310, 78, 'bo2tachlinhlan(kemhop)3.jpg'),
(311, 78, 'bo2tachlinhlan(kemhop)4.jpg'),
(312, 78, 'bo2tachlinhlan(kemhop)5.jpg'),
(313, 79, 'bococdiacunviendo1.webp'),
(314, 79, 'bococdiacunviendo2.webp'),
(315, 79, 'bococdiacunviendo3.jpg'),
(316, 79, 'bococdiacunviendo4.webp'),
(317, 79, 'bococdiacunviendo5.webp'),
(318, 80, 'bococthiagomtulip1.webp'),
(319, 80, 'bococthiagomtulip2.webp'),
(320, 80, 'bococthiagomtulip3.webp'),
(321, 80, 'bococthiagomtulip4.webp'),
(322, 81, 'cocalwaysloveyou1.webp'),
(323, 81, 'cocalwaysloveyou2.jpg'),
(324, 81, 'cocalwaysloveyou3.jpg'),
(325, 81, 'cocalwaysloveyou4.jpg'),
(326, 82, 'cocbonappetit1.jpg'),
(327, 82, 'cocbonappetit2.webp'),
(328, 82, 'cocbonappetit3.jpg'),
(329, 82, 'cocbonappetit4.jpg'),
(330, 82, 'cocbonappetit5.jpg'),
(331, 83, 'cocbutterfluffy1.webp'),
(332, 83, 'cocbutterfluffy2.webp'),
(333, 83, 'cocbutterfluffy3.webp'),
(334, 83, 'cocbutterfluffy4.webp'),
(335, 83, 'cocbutterfluffy5.webp'),
(336, 84, 'coccapu1.webp'),
(337, 84, 'coccapu2.webp'),
(338, 84, 'coccapu3.webp'),
(339, 84, 'coccapu4.webp'),
(340, 84, 'coccapu5.webp'),
(341, 85, 'cocchanmeomerie1.jpg'),
(342, 85, 'cocchanmeomerie2.webp'),
(343, 85, 'cocchanmeomerie3.webp'),
(344, 85, 'cocchanmeomerie4.webp'),
(345, 86, 'cocchuvitkexanh1.webp'),
(346, 87, 'coccuncorgi1.webp'),
(347, 87, 'coccuncorgi2.webp'),
(348, 87, 'coccuncorgi3.webp'),
(349, 87, 'coccuncorgi4.webp'),
(350, 87, 'coccuncorgi5.webp'),
(351, 88, 'coccundrinkmorewater1.webp'),
(352, 88, 'coccundrinkmorewater2.webp'),
(353, 88, 'coccundrinkmorewater3.webp'),
(354, 88, 'coccundrinkmorewater4.webp'),
(355, 88, 'coccundrinkmorewater5.webp'),
(356, 89, 'coccungreen1.jpg'),
(357, 89, 'coccungreen2.webp'),
(358, 89, 'coccungreen3.jpg'),
(359, 89, 'coccungreen4.jpg'),
(360, 89, 'coccungreen5.jpg'),
(361, 90, 'coccunmeogoodday1.webp'),
(362, 90, 'coccunmeogoodday2.webp'),
(363, 90, 'coccunmeogoodday3.webp'),
(364, 90, 'coccunmeogoodday4.webp'),
(365, 90, 'coccunmeogoodday5.webp'),
(366, 91, 'coccunsinhnhat1.webp'),
(367, 92, 'coccunstrangeandcute1.jpg'),
(368, 92, 'coccunstrangeandcute2.jpg'),
(369, 92, 'coccunstrangeandcute3.webp'),
(370, 92, 'coccunstrangeandcute4.jpg'),
(371, 92, 'coccunstrangeandcute5.jpg'),
(372, 94, 'cocgautrang1.webp'),
(373, 94, 'cocgautrang2.webp'),
(374, 94, 'cocgautrang3.webp'),
(375, 94, 'cocgautrang4.webp'),
(376, 93, 'cocgardeners1.webp'),
(377, 93, 'cocgardeners2.webp'),
(378, 93, 'cocgardeners3.webp'),
(379, 93, 'cocgardeners4.webp'),
(380, 93, 'cocgardeners5.webp'),
(381, 93, 'cocgardeners6.webp'),
(382, 95, 'goiqualythuytinhdoi1.webp'),
(383, 95, 'goiqualythuytinhdoi2.webp'),
(384, 95, 'goiqualythuytinhdoi3.webp'),
(385, 95, 'goiqualythuytinhdoi4.webp'),
(386, 95, 'goiqualythuytinhdoi5.webp'),
(387, 96, 'lyamber1.webp'),
(388, 96, 'lyamber2.jpg'),
(389, 96, 'lyamber3.webp'),
(390, 96, 'lyamber4.jpg'),
(391, 97, 'lyanimal1.webp'),
(392, 97, 'lyanimal2.webp'),
(393, 97, 'lyanimal3.webp'),
(394, 97, 'lyanimal4.webp'),
(395, 97, 'lyanimal5.webp'),
(396, 98, 'lygombehoathinh1.webp'),
(397, 98, 'lygombehoathinh2.webp'),
(398, 98, 'lygombehoathinh3.webp'),
(399, 98, 'lygombehoathinh4.webp'),
(400, 98, 'lygombehoathinh5.webp'),
(401, 99, 'lyphalekimcuong1.webp'),
(402, 99, 'lyphalekimcuong2.webp'),
(403, 100, 'lyseriouscat1.webp'),
(404, 100, 'lyseriouscat2.webp'),
(405, 100, 'lyseriouscat3.webp'),
(406, 100, 'lyseriouscat4.webp'),
(407, 100, 'lyseriouscat5.webp'),
(408, 101, 'lythuytinh(200ml)1.webp'),
(409, 101, 'lythuytinh(200ml)2.webp'),
(410, 101, 'lythuytinh(200ml)3.webp'),
(411, 102, 'lythuytinhbakeshop1.webp'),
(412, 102, 'lythuytinhbakeshop2.webp'),
(413, 102, 'lythuytinhbakeshop3.webp'),
(414, 102, 'lythuytinhbakeshop4.webp'),
(415, 102, 'lythuytinhbakeshop5.webp'),
(416, 103, 'lythuytinhblackpink1.webp'),
(417, 103, 'lythuytinhblackpink2.webp'),
(418, 103, 'lythuytinhblackpink3.webp'),
(419, 103, 'lythuytinhblackpink4.webp'),
(420, 104, 'lythuytinhchampagne1.webp'),
(421, 104, 'lythuytinhchampagne2.webp'),
(422, 104, 'lythuytinhchampagne3.jpg'),
(423, 104, 'lythuytinhchampagne4.webp'),
(424, 104, 'lythuytinhchampagne5.webp'),
(425, 105, 'botrathotrang1.webp'),
(426, 105, 'botrathotrang2.webp'),
(427, 105, 'botrathotrang3.webp'),
(428, 105, 'botrathotrang4.jpg'),
(429, 105, 'botrathotrang5.webp'),
(430, 105, 'botrathotrang6.webp'),
(431, 106, 'tachsumenngocxanh1.webp'),
(432, 106, 'tachsumenngocxanh2.webp'),
(433, 106, 'tachsumenngocxanh3.webp'),
(434, 106, 'tachsumenngocxanh4.webp'),
(435, 106, 'tachsumenngocxanh5.webp'),
(436, 107, 'botragommay1.webp'),
(437, 107, 'botragommay2.webp'),
(438, 107, 'botragommay3.webp'),
(439, 107, 'botragommay4.webp'),
(440, 107, 'botragommay5.webp'),
(441, 108, 'amtranhogomdamynghe1.webp'),
(442, 108, 'amtranhogomdamynghe2.webp'),
(443, 108, 'amtranhogomdamynghe3.webp'),
(444, 108, 'amtranhogomdamynghe4.webp'),
(445, 109, 'amtranhothucong35ml1.webp'),
(446, 109, 'amtranhothucong35ml2.jpg'),
(447, 109, 'amtranhothucong35ml3.webp'),
(448, 109, 'amtranhothucong35ml4.webp'),
(449, 110, 'botrasenhong1.webp'),
(450, 110, 'botrasenhong2.webp'),
(451, 110, 'botrasenhong3.webp'),
(452, 110, 'botrasenhong4.jpg'),
(453, 111, 'bodocamhoatudang1.webp'),
(454, 111, 'bodocamhoatudang2.webp'),
(455, 111, 'bodocamhoatudang3.webp'),
(456, 111, 'bodocamhoatudang4.webp'),
(457, 111, 'bodocamhoatudang5.webp'),
(458, 112, 'botrachumhongnhuy1.webp'),
(459, 112, 'botrachumhongnhuy2.jpg'),
(460, 112, 'botrachumhongnhuy3.jpg'),
(461, 112, 'botrachumhongnhuy4.webp'),
(462, 112, 'botrachumhongnhuy5.webp'),
(463, 113, 'botrahoamanxanh1.webp'),
(464, 113, 'botrahoamanxanh2.jpg'),
(465, 113, 'botrahoamanxanh3.jpg'),
(466, 113, 'botrahoamanxanh4.webp'),
(467, 113, 'botrahoamanxanh5.webp'),
(468, 114, 'amgomharu1.webp'),
(469, 114, 'amgomharu2.webp'),
(470, 115, 'amphatradongnguyenchat1.webp'),
(471, 115, 'amphatradongnguyenchat2.webp'),
(472, 115, 'amphatradongnguyenchat3.webp'),
(473, 116, 'amretronhat1.jpg'),
(474, 116, 'amretronhat2.jpg'),
(475, 116, 'amretronhat3.jpg'),
(476, 116, 'amretronhat4.jpg'),
(477, 117, 'amthuytinhhoamoc1.webp'),
(478, 117, 'amthuytinhhoamoc2.webp'),
(479, 117, 'amthuytinhhoamoc3.webp'),
(480, 117, 'amthuytinhhoamoc4.webp'),
(481, 117, 'amthuytinhhoamoc5.webp'),
(482, 118, 'amthuytinhhoamocquaixanh1.jpg'),
(483, 118, 'amthuytinhhoamocquaixanh2.webp'),
(484, 118, 'amthuytinhhoamocquaixanh3.webp'),
(485, 118, 'amthuytinhhoamocquaixanh4.jpg'),
(486, 118, 'amthuytinhhoamocquaixanh5.jpg'),
(487, 119, 'amtradatnungthucong1.webp'),
(488, 119, 'amtradatnungthucong2.webp'),
(489, 119, 'amtradatnungthucong3.webp'),
(490, 119, 'amtradatnungthucong4.webp'),
(491, 119, 'amtradatnungthucong5.webp'),
(492, 120, 'amtradehuavetay1.webp'),
(493, 120, 'amtradehuavetay2.webp'),
(494, 120, 'amtradehuavetay3.webp'),
(495, 120, 'amtradehuavetay4.webp'),
(496, 120, 'amtradehuavetay5.webp'),
(497, 121, 'amtrala1.webp'),
(498, 121, 'amtrala2.webp'),
(499, 121, 'amtrala3.webp'),
(500, 121, 'amtrala4.webp'),
(501, 121, 'amtrala5.webp'),
(502, 122, 'amtramoc1.webp'),
(503, 122, 'amtramoc2.webp'),
(504, 122, 'amtramoc3.webp'),
(505, 122, 'amtramoc4.webp'),
(506, 122, 'amtramoc5.webp'),
(507, 122, 'amtramoc6.webp'),
(508, 123, 'amtramocthuonghieumusegarden1.webp'),
(509, 123, 'amtramocthuonghieumusegarden2.webp'),
(510, 124, 'amtrangoclucbao1.webp'),
(511, 124, 'amtrangoclucbao2.webp'),
(512, 124, 'amtrangoclucbao3.webp'),
(513, 124, 'amtrangoclucbao4.webp'),
(514, 124, 'amtrangoclucbao5.webp'),
(515, 124, 'amtrangoclucbao6.webp'),
(516, 125, 'hopbanhlanho1.jpg'),
(517, 125, 'hopbanhlanho2.jpg'),
(518, 125, 'hopbanhlanho3.jpg'),
(519, 125, 'hopbanhlanho4.webp'),
(520, 126, 'matongxuyenchihagiang1.webp'),
(521, 126, 'matongxuyenchihagiang2.webp'),
(522, 126, 'matongxuyenchihagiang3.webp'),
(523, 126, 'matongxuyenchihagiang4.webp'),
(524, 126, 'matongxuyenchihagiang5.webp'),
(525, 127, 'ruouhaku1.webp'),
(526, 127, 'ruouhaku2.jpg'),
(527, 127, 'ruouhaku3.jpg'),
(528, 128, 'setquatrachieu1.webp'),
(529, 128, 'setquatrachieu2.webp'),
(530, 128, 'setquatrachieu3.webp'),
(531, 129, 'settachhoatulip1.webp'),
(532, 129, 'settachhoatulip2.webp'),
(533, 129, 'settachhoatulip3.webp'),
(534, 129, 'settachhoatulip4.webp'),
(535, 129, 'settachhoatulip5.webp'),
(536, 130, 'traatisodo(hibiscus)1.webp'),
(537, 131, 'trabacha1.webp'),
(538, 132, 'trabuoitoi(goodnighttea)1.webp'),
(539, 133, 'tracam1.webp'),
(540, 134, 'amcongong12l1.webp'),
(541, 135, 'amcongong1l2.webp'),
(542, 135, 'amcongong1l1.webp'),
(543, 136, 'binhcafecongonggiunhiet1.webp'),
(544, 136, 'binhcafecongonggiunhiet2.webp'),
(545, 136, 'binhcafecongonggiunhiet3.webp'),
(546, 136, 'binhcafecongonggiunhiet4.webp'),
(547, 136, 'binhcafecongonggiunhiet5.webp'),
(548, 137, 'binhcafeinoxtaygo1.webp'),
(549, 137, 'binhcafeinoxtaygo2.webp'),
(550, 137, 'binhcafeinoxtaygo3.webp'),
(551, 137, 'binhcafeinoxtaygo4.webp'),
(552, 137, 'binhcafeinoxtaygo5.webp'),
(553, 138, 'binhthuytinhsilicon1.webp'),
(554, 139, 'binhxaycafe401.webp'),
(555, 139, 'binhxaycafe402.webp'),
(556, 139, 'binhxaycafe403.webp'),
(557, 139, 'binhxaycafe404.webp'),
(558, 139, 'binhxaycafe405.webp'),
(559, 140, 'nhangtramsa1.webp'),
(560, 140, 'nhangtramsa2.webp'),
(561, 141, 'boque(3thanh)1.webp'),
(562, 141, 'boque(3thanh)2.webp'),
(563, 141, 'boque(3thanh)3.webp'),
(564, 142, 'botuyettung(cedarsmudge)1.jpg'),
(565, 142, 'botuyettung(cedarsmudge)2.webp'),
(566, 143, 'dottramquytnho1.webp'),
(567, 143, 'dottramquytnho2.webp'),
(568, 143, 'dottramquytnho3.webp'),
(569, 143, 'dottramquytnho4.webp'),
(570, 143, 'dottramquytnho5.webp'),
(571, 144, 'gopalosanto1.jpg'),
(572, 144, 'gopalosanto2.jpg'),
(573, 144, 'gopalosanto3.webp'),
(574, 144, 'gopalosanto4.webp'),
(575, 144, 'gopalosanto5.webp'),
(576, 145, 'hugodanhuong(50g)1.webp'),
(577, 145, 'hugodanhuong(50g)2.webp'),
(578, 145, 'hugodanhuong(50g)3.webp'),
(579, 145, 'hugodanhuong(50g)4.webp'),
(580, 145, 'hugodanhuong(50g)5.webp'),
(581, 146, 'huongdaotrucmay1.jpg'),
(582, 146, 'huongdaotrucmay2.jpg'),
(583, 146, 'huongdaotrucmay3.webp'),
(584, 146, 'huongdaotrucmay4.jpg'),
(585, 146, 'huongdaotrucmay5.webp'),
(586, 147, 'ludottramluc1.webp'),
(587, 147, 'ludottramluc2.webp'),
(588, 147, 'ludottramluc3.jpg'),
(589, 147, 'ludottramluc4.webp'),
(590, 148, 'nhanghoacuc1.webp'),
(591, 148, 'nhanghoacuc2.webp'),
(592, 149, 'nhangkhuynhdiep1.webp'),
(593, 149, 'nhangkhuynhdiep2.webp'),
(594, 151, 'bepxong(kemdianen)1.webp'),
(595, 151, 'bepxong(kemdianen)2.webp'),
(596, 151, 'bepxong(kemdianen)3.webp'),
(597, 151, 'bepxong(kemdianen)4.webp'),
(598, 151, 'bepxong(kemdianen)5.webp'),
(599, 152, 'bepxongmay1.webp'),
(600, 152, 'bepxongmay2.webp'),
(601, 152, 'bepxongmay3.webp'),
(602, 152, 'bepxongmay4.webp'),
(603, 152, 'bepxongmay5.webp'),
(604, 153, 'bepxongtinhdauthaomocdien1.webp'),
(605, 153, 'bepxongtinhdauthaomocdien2.webp'),
(606, 154, 'chuongdongnepal1.webp'),
(607, 154, 'chuongdongnepal2.webp'),
(608, 154, 'chuongdongnepal3.jpg'),
(609, 155, 'desacmau1.webp'),
(610, 155, 'desacmau2.webp'),
(611, 155, 'desacmau3.webp'),
(612, 156, 'desengo1.jpg'),
(613, 156, 'desengo2.jpg'),
(614, 156, 'desengo3.jpg'),
(615, 156, 'desengo4.jpg'),
(616, 156, 'desengo5.jpg'),
(617, 157, 'bothachcao1.webp'),
(618, 158, 'chuoivong18hatbode1.webp'),
(619, 158, 'chuoivong18hatbode2.webp'),
(620, 158, 'chuoivong18hatbode3.jpg'),
(621, 158, 'chuoivong18hatbode4.jpg'),
(622, 159, 'cumtinhthethachanhtrang1.webp'),
(623, 160, 'dabichtuyden1.jpg'),
(624, 160, 'dabichtuyden2.webp'),
(625, 160, 'dabichtuyden3.jpg'),
(626, 161, 'dakyanite1.jpg'),
(627, 161, 'dakyanite2.webp'),
(628, 161, 'dakyanite3.webp'),
(629, 162, 'daphalexanh1.jpg'),
(630, 163, 'dathothachanhtim1.webp'),
(631, 163, 'dathothachanhtim2.jpg'),
(632, 163, 'dathothachanhtim3.jpg'),
(633, 163, 'dathothachanhtim4.webp'),
(634, 163, 'dathothachanhtim5.webp'),
(635, 164, 'chupnenthuytinh1.jpg'),
(636, 164, 'chupnenthuytinh2.webp'),
(637, 164, 'chupnenthuytinh3.webp'),
(638, 164, 'chupnenthuytinh4.webp'),
(639, 164, 'chupnenthuytinh5.jpg'),
(640, 165, 'denenhoatulip1.webp'),
(641, 165, 'denenhoatulip2.webp'),
(642, 165, 'denenhoatulip3.webp'),
(643, 165, 'denenhoatulip4.webp'),
(644, 165, 'denenhoatulip5.webp'),
(645, 166, 'diemthuytinhmatches1.jpg'),
(646, 166, 'diemthuytinhmatches2.jpg'),
(647, 167, 'bepxongbanhbao1.webp'),
(648, 167, 'bepxongbanhbao2.webp'),
(649, 167, 'bepxongbanhbao3.webp'),
(650, 167, 'bepxongbanhbao4.webp'),
(651, 167, 'bepxongbanhbao5.webp'),
(652, 168, 'dekhuechtantinhdaumeditation1.jpg'),
(653, 168, 'dekhuechtantinhdaumeditation2.webp'),
(654, 169, 'khuechtantinhdaudiacau1.webp'),
(655, 169, 'khuechtantinhdaudiacau2.jpg'),
(656, 169, 'khuechtantinhdaudiacau3.jpg'),
(657, 169, 'khuechtantinhdaudiacau4.jpg'),
(658, 169, 'khuechtantinhdaudiacau5.jpg'),
(659, 170, 'khuechtantinhdaugiotnuoc1.webp'),
(660, 170, 'khuechtantinhdaugiotnuoc2.jpg'),
(661, 171, 'khuechtantinhdaureed(lothuytinh)1.webp'),
(662, 171, 'khuechtantinhdaureed(lothuytinh)2.jpg'),
(663, 172, 'khuechtantinhdaurose1.webp'),
(664, 172, 'khuechtantinhdaurose2.webp'),
(665, 172, 'khuechtantinhdaurose3.jpg'),
(666, 172, 'khuechtantinhdaurose4.jpg'),
(667, 172, 'khuechtantinhdaurose5.jpg'),
(668, 173, 'khuechtantinhdautron1.webp'),
(669, 173, 'khuechtantinhdautron2.jpg'),
(670, 173, 'khuechtantinhdautron3.jpg'),
(671, 173, 'khuechtantinhdautron4.webp'),
(672, 173, 'khuechtantinhdautron5.webp'),
(673, 174, 'khancottonhoatietcodien1.jpg'),
(674, 174, 'khancottonhoatietcodien2.jpg'),
(675, 174, 'khancottonhoatietcodien3.jpg'),
(676, 174, 'khancottonhoatietcodien4.jpg'),
(677, 175, 'khanhier1.jpg'),
(678, 175, 'khanhier2.jpg'),
(679, 175, 'khanhier3.jpg'),
(680, 175, 'khanhier4.jpg'),
(681, 176, 'khanpain(40x50)1.jpg'),
(682, 176, 'khanpain(40x50)2.jpg'),
(683, 176, 'khanpain(40x50)3.jpg'),
(684, 176, 'khanpain(40x50)4.jpg'),
(685, 176, 'khanpain(40x50)5.jpg'),
(686, 177, 'khantraibancatflowers1.jpg'),
(687, 177, 'khantraibancatflowers2.jpg'),
(688, 178, 'khantraibantranghoaxanh1.jpg'),
(689, 178, 'khantraibantranghoaxanh2.jpg'),
(690, 178, 'khantraibantranghoaxanh3.webp'),
(691, 178, 'khantraibantranghoaxanh4.jpg'),
(692, 178, 'khantraibantranghoaxanh5.jpg'),
(693, 180, 'binhhoadovintage1.webp'),
(694, 180, 'binhhoadovintage2.jpg'),
(695, 180, 'binhhoadovintage3.jpg'),
(696, 181, 'chaugomsuhoaxanh1.webp'),
(697, 181, 'chaugomsuhoaxanh2.webp'),
(698, 181, 'chaugomsuhoaxanh3.webp'),
(699, 181, 'chaugomsuhoaxanh4.webp'),
(700, 181, 'chaugomsuhoaxanh5.webp'),
(701, 182, 'diacamhoaikebanadecao1.webp'),
(702, 182, 'diacamhoaikebanadecao2.webp'),
(703, 182, 'diacamhoaikebanadecao3.webp'),
(704, 182, 'diacamhoaikebanadecao4.webp'),
(705, 182, 'diacamhoaikebanadecao5.webp'),
(706, 183, 'binhnuthoamaixanh1.webp'),
(707, 183, 'binhnuthoamaixanh2.webp'),
(708, 183, 'binhnuthoamaixanh3.webp'),
(709, 184, 'binhhoabackhacnoi1.webp'),
(710, 184, 'binhhoabackhacnoi2.jpg'),
(711, 184, 'binhhoabackhacnoi3.jpg'),
(712, 184, 'binhhoabackhacnoi4.jpg'),
(713, 184, 'binhhoabackhacnoi5.webp'),
(714, 185, 'binhhoasuchuong1.webp'),
(715, 185, 'binhhoasuchuong2.webp'),
(716, 185, 'binhhoasuchuong3.webp'),
(717, 185, 'binhhoasuchuong4.webp'),
(718, 185, 'binhhoasuchuong5.webp'),
(719, 186, 'giocoilon1.jpg'),
(720, 186, 'giocoilon2.jpg'),
(721, 186, 'giocoilon3.jpg'),
(722, 186, 'giocoilon4.jpg'),
(723, 186, 'giocoilon5.jpg'),
(724, 186, 'giocoilon6.jpg'),
(725, 187, 'giodanangxanh1.webp'),
(726, 187, 'giodanangxanh2.webp'),
(727, 187, 'giodanangxanh3.webp'),
(728, 187, 'giodanangxanh4.webp'),
(729, 187, 'giodanangxanh5.webp'),
(730, 188, 'giohoaco1.webp'),
(731, 188, 'giohoaco2.webp'),
(732, 188, 'giohoaco3.webp'),
(733, 188, 'giohoaco4.webp'),
(734, 189, 'giokimloaibingo1.webp'),
(735, 189, 'giokimloaibingo2.webp'),
(736, 189, 'giokimloaibingo3.webp'),
(737, 189, 'giokimloaibingo4.webp'),
(738, 189, 'giokimloaibingo5.webp'),
(739, 190, 'giolucbinhtronthap1.jpg'),
(740, 190, 'giolucbinhtronthap2.webp'),
(741, 190, 'giolucbinhtronthap3.webp'),
(742, 191, 'giomaysangdai1.webp'),
(743, 191, 'giomaysangdai2.webp'),
(744, 191, 'giomaysangdai3.webp'),
(745, 191, 'giomaysangdai4.webp'),
(746, 191, 'giomaysangdai5.webp'),
(747, 192, 'cungomlon1.webp'),
(748, 192, 'cungomlon2.webp'),
(749, 192, 'cungomlon3.webp'),
(750, 192, 'cungomlon4.webp'),
(751, 192, 'cungomlon5.webp'),
(752, 193, 'meogommup1.webp'),
(753, 193, 'meogommup2.webp'),
(754, 193, 'meogommup3.webp'),
(755, 194, 'meojuhangom1.webp'),
(756, 194, 'meojuhangom2.webp'),
(757, 194, 'meojuhangom3.webp'),
(758, 194, 'meojuhangom4.webp'),
(759, 194, 'meojuhangom5.webp'),
(760, 194, 'meojuhangom6.webp'),
(761, 195, 'tuonggomrongthien1.webp'),
(762, 195, 'tuonggomrongthien2.webp'),
(763, 195, 'tuonggomrongthien3.webp'),
(764, 195, 'tuonggomrongthien4.webp'),
(765, 195, 'tuonggomrongthien5.webp'),
(766, 196, 'tuonggomtieulongtu1.webp'),
(767, 196, 'tuonggomtieulongtu2.webp'),
(768, 196, 'tuonggomtieulongtu3.webp'),
(769, 196, 'tuonggomtieulongtu4.jpg'),
(770, 197, 'tuongmeosudeochuong1.webp'),
(771, 197, 'tuongmeosudeochuong2.webp'),
(772, 197, 'tuongmeosudeochuong3.webp'),
(773, 197, 'tuongmeosudeochuong4.webp'),
(774, 197, 'tuongmeosudeochuong5.webp'),
(775, 198, 'bangocao1.webp'),
(776, 198, 'bangocao2.webp'),
(777, 198, 'bangocao3.webp'),
(778, 198, 'bangocao4.webp'),
(779, 198, 'bangocao5.webp'),
(780, 198, 'bangocao6.webp'),
(781, 199, 'banruoudidong1.webp'),
(782, 199, 'banruoudidong2.jpg'),
(783, 199, 'banruoudidong3.webp'),
(784, 199, 'banruoudidong4.webp'),
(785, 199, 'banruoudidong5.webp'),
(786, 200, 'bantaygomhoa1.webp'),
(787, 200, 'bantaygomhoa2.webp'),
(788, 200, 'bantaygomhoa3.webp'),
(789, 200, 'bantaygomhoa4.jpg'),
(790, 200, 'bantaygomhoa5.jpg'),
(791, 200, 'bantaygomhoa6.jpg'),
(792, 201, 'bantra1.webp'),
(793, 201, 'bantra2.jpg'),
(794, 201, 'bantra3.jpg'),
(795, 201, 'bantra4.webp'),
(796, 201, 'bantra5.jpg'),
(797, 202, 'bohoahuongduongdanlen1.jpg'),
(798, 202, 'bohoahuongduongdanlen2.webp'),
(799, 202, 'bohoahuongduongdanlen3.webp'),
(800, 202, 'bohoahuongduongdanlen4.jpg'),
(801, 202, 'bohoahuongduongdanlen5.webp'),
(802, 203, 'bohoavai1.webp'),
(803, 203, 'bohoavai2.webp'),
(804, 203, 'bohoavai3.webp'),
(805, 203, 'bohoavai4.webp'),
(806, 203, 'bohoavai5.jpg'),
(807, 204, 'bongtre(dochoicuaboss)1.jpg'),
(808, 204, 'bongtre(dochoicuaboss)2.webp'),
(809, 204, 'bongtre(dochoicuaboss)3.webp'),
(810, 204, 'bongtre(dochoicuaboss)4.webp'),
(811, 204, 'bongtre(dochoicuaboss)5.webp'),
(812, 205, 'channencaynam1.webp'),
(813, 205, 'channencaynam2.webp'),
(814, 205, 'channencaynam3.webp'),
(815, 205, 'channencaynam4.webp'),
(816, 205, 'channencaynam5.webp'),
(817, 206, 'bomhellokitty1.webp'),
(818, 206, 'bomhellokitty2.webp'),
(819, 206, 'bomhellokitty3.webp'),
(820, 206, 'bomhellokitty4.jpg'),
(821, 206, 'bomhellokitty5.webp'),
(822, 207, 'daybuoctochoanhi1.jpg'),
(823, 207, 'daybuoctochoanhi2.jpg'),
(824, 208, 'daybuoctocvaida1.webp'),
(825, 208, 'daybuoctocvaida2.jpg'),
(826, 208, 'daybuoctocvaida3.jpg'),
(827, 208, 'daybuoctocvaida4.webp'),
(828, 208, 'daybuoctocvaida5.webp'),
(829, 209, 'kepbasicnho1.webp'),
(830, 209, 'kepbasicnho2.webp'),
(831, 210, 'kephoahong1.webp'),
(832, 210, 'kephoahong2.webp'),
(833, 210, 'kephoahong3.webp'),
(834, 211, 'kepngoctraidomini1.jpg'),
(835, 211, 'kepngoctraidomini2.webp'),
(836, 211, 'kepngoctraidomini3.webp'),
(837, 211, 'kepngoctraidomini4.webp'),
(838, 211, 'kepngoctraidomini5.webp'),
(839, 212, 'kepnhungtraitimlove1.webp'),
(840, 212, 'kepnhungtraitimlove2.webp'),
(841, 212, 'kepnhungtraitimlove3.webp'),
(842, 212, 'kepnhungtraitimlove4.jpg'),
(843, 212, 'kepnhungtraitimlove5.webp'),
(844, 213, 'kepnohongmini1.jpg'),
(845, 213, 'kepnohongmini2.jpg'),
(846, 213, 'kepnohongmini3.webp'),
(847, 213, 'kepnohongmini4.webp'),
(848, 214, 'keppuppy1.webp'),
(849, 214, 'keppuppy2.webp'),
(850, 215, 'banchaitambauduc(45inch)1.webp'),
(851, 215, 'banchaitambauduc(45inch)2.webp'),
(852, 216, 'banchaitamdai1.webp'),
(853, 216, 'banchaitamdai2.webp'),
(854, 216, 'banchaitamdai3.webp'),
(855, 217, 'dendamuoihinhcau1.webp'),
(856, 217, 'dendamuoihinhcau2.webp'),
(857, 217, 'dendamuoihinhcau3.webp'),
(858, 217, 'dendamuoihinhcau4.jpg'),
(859, 217, 'dendamuoihinhcau5.webp'),
(860, 218, 'dendamuoimassage1.webp'),
(861, 218, 'dendamuoimassage2.webp'),
(862, 218, 'dendamuoimassage3.webp'),
(863, 219, 'denphunsuongjena1.webp'),
(864, 219, 'denphunsuongjena2.webp'),
(865, 219, 'denphunsuongjena3.webp'),
(866, 219, 'denphunsuongjena4.webp'),
(867, 219, 'denphunsuongjena5.webp'),
(868, 219, 'denphunsuongjena6.webp'),
(869, 220, 'luocgomatxameocon1.webp'),
(870, 220, 'luocgomatxameocon2.webp'),
(871, 220, 'luocgomatxameocon3.jpeg'),
(872, 220, 'luocgomatxameocon4.jpeg'),
(873, 221, 'loaquasoi1.webp'),
(874, 221, 'loaquasoi2.webp'),
(875, 222, 'binhthuytinhdetox(500ml)1.webp'),
(876, 222, 'binhthuytinhdetox(500ml)2.webp'),
(877, 222, 'binhthuytinhdetox(500ml)3.webp'),
(878, 222, 'binhthuytinhdetox(500ml)4.webp'),
(879, 222, 'binhthuytinhdetox(500ml)5.webp'),
(880, 223, 'binhthuytinhhailop(350ml)1.webp'),
(881, 223, 'binhthuytinhhailop(350ml)2.webp'),
(882, 223, 'binhthuytinhhailop(350ml)3.webp'),
(883, 223, 'binhthuytinhhailop(350ml)4.webp'),
(884, 223, 'binhthuytinhhailop(350ml)5.webp'),
(885, 224, 'binhthuytinhhailop(450ml)1.webp'),
(886, 224, 'binhthuytinhhailop(450ml)2.webp'),
(887, 224, 'binhthuytinhhailop(450ml)3.webp'),
(888, 224, 'binhthuytinhhailop(450ml)4.webp'),
(889, 138, 'binhthuytinhsilicon1.webp'),
(890, 138, 'binhthuytinhsilicon2.webp'),
(891, 226, 'cocgiunhietbe1.webp'),
(892, 226, 'cocgiunhietbe2.webp'),
(893, 226, 'cocgiunhietbe3.webp'),
(894, 226, 'cocgiunhietbe4.webp'),
(895, 226, 'cocgiunhietbe5.webp'),
(896, 227, 'tuideovaidanthucongkaki1.webp'),
(897, 227, 'tuideovaidanthucongkaki2.webp'),
(898, 227, 'tuideovaidanthucongkaki3.jpg'),
(899, 227, 'tuideovaidanthucongkaki4.jpg'),
(900, 227, 'tuideovaidanthucongkaki5.webp'),
(901, 227, 'tuideovaidanthucongkaki6.jpg'),
(902, 227, 'tuideovaidanthucongkaki7.jpg'),
(903, 227, 'tuideovaidanthucongkaki8.jpg'),
(904, 228, 'tuihongamber1.jpg'),
(905, 228, 'tuihongamber2.jpg'),
(906, 228, 'tuihongamber3.jpg'),
(907, 228, 'tuihongamber4.jpg'),
(908, 228, 'tuihongamber5.jpg'),
(909, 229, 'tuimausaccodien1.jpg'),
(910, 229, 'tuimausaccodien2.jpg'),
(911, 229, 'tuimausaccodien3.webp'),
(912, 229, 'tuimausaccodien4.jpg'),
(913, 229, 'tuimausaccodien5.jpg'),
(914, 229, 'tuimausaccodien6.jpg'),
(915, 230, 'tuitotedaybuoc1.webp'),
(916, 230, 'tuitotedaybuoc2.webp'),
(917, 230, 'tuitotedaybuoc3.webp'),
(918, 230, 'tuitotedaybuoc4.webp'),
(919, 230, 'tuitotedaybuoc5.webp'),
(920, 231, 'tuitoteenjoy1.jpg'),
(921, 231, 'tuitoteenjoy2.jpg'),
(922, 231, 'tuitoteenjoy3.webp'),
(923, 231, 'tuitoteenjoy4.jpg'),
(924, 231, 'tuitoteenjoy5.webp'),
(925, 232, 'tuitotehoathinhmeo1.webp'),
(926, 232, 'tuitotehoathinhmeo2.webp'),
(927, 232, 'tuitotehoathinhmeo3.webp'),
(928, 232, 'tuitotehoathinhmeo4.webp'),
(929, 232, 'tuitotehoathinhmeo5.jpg'),
(930, 233, 'bookmarkcavoi(kemhop)1.jpg'),
(931, 233, 'bookmarkcavoi(kemhop)2.jpg'),
(932, 233, 'bookmarkcavoi(kemhop)3.jpg'),
(933, 233, 'bookmarkcavoi(kemhop)4.webp'),
(934, 234, 'bookmarktrahoa1.webp'),
(935, 235, 'denphihanhgia1.webp'),
(936, 235, 'denphihanhgia2.webp'),
(937, 235, 'denphihanhgia3.webp'),
(938, 236, 'sohuongthaoa5(giaymix)1.webp'),
(939, 236, 'sohuongthaoa5(giaymix)2.webp'),
(940, 236, 'sohuongthaoa5(giaymix)3.webp'),
(941, 236, 'sohuongthaoa5(giaymix)4.webp'),
(942, 236, 'sohuongthaoa5(giaymix)5.jpg'),
(943, 237, 'denenvoigom1.webp'),
(944, 237, 'denenvoigom2.webp'),
(945, 237, 'denenvoigom3.webp'),
(946, 237, 'denenvoigom4.webp'),
(947, 237, 'denenvoigom5.webp'),
(948, 238, 'gangtaybongteddy1.webp'),
(949, 238, 'gangtaybongteddy2.webp'),
(950, 238, 'gangtaybongteddy3.webp'),
(951, 238, 'gangtaybongteddy4.webp'),
(952, 239, 'khanchoangcohinhthoi1.jpg'),
(953, 239, 'khanchoangcohinhthoi2.webp'),
(954, 240, 'sacduphongsuoiamanimal1.webp'),
(955, 240, 'sacduphongsuoiamanimal2.webp'),
(956, 240, 'sacduphongsuoiamanimal3.webp'),
(957, 240, 'sacduphongsuoiamanimal4.webp'),
(958, 240, 'sacduphongsuoiamanimal5.webp'),
(959, 241, 'settatcotichpeterrabbit1.webp'),
(960, 241, 'settatcotichpeterrabbit2.jpg'),
(961, 241, 'settatcotichpeterrabbit3.webp'),
(962, 241, 'settatcotichpeterrabbit4.webp'),
(963, 241, 'settatcotichpeterrabbit5.webp'),
(964, 242, 'settatteddy1.webp'),
(965, 242, 'settatteddy2.webp'),
(966, 242, 'settatteddy3.webp'),
(967, 242, 'settatteddy4.jpg'),
(968, 242, 'settatteddy5.jpg'),
(969, 248, 'thaomocxongtam4.webp'),
(970, 248, 'thaomocxongtam5.jpg'),
(971, 248, 'thaomocxongtam1.webp');

-- --------------------------------------------------------

--
-- Table structure for table `user`
--

CREATE TABLE `user` (
  `user_id` int(11) NOT NULL,
  `user_email` text NOT NULL,
  `user_password` text NOT NULL,
  `user_fullname` text NOT NULL,
  `user_sex` enum('Male','Female') NOT NULL,
  `user_birthday` date NOT NULL,
  `user_isActive` tinyint(4) NOT NULL
) ENGINE=InnoDB DEFAULT CHARSET=utf8mb4 COLLATE=utf8mb4_general_ci;

--
-- Dumping data for table `user`
--

INSERT INTO `user` (`user_id`, `user_email`, `user_password`, `user_fullname`, `user_sex`, `user_birthday`, `user_isActive`) VALUES
(3, 'hoanhnghiep2704@gmail.com', '$2y$10$cZLlCcVr6u9psjmGnrQ4DOSm75exqwEAYvuKF2pXT3f.let7xuKBy', 'La Hoành Nghiệp', 'Male', '2004-04-27', 1),
(4, 'testchangeemail@gmail.com', '$2y$10$XPs7UCPE/j5GI0KpwSehrOc7zNAVo6uz64o5M4z3nDtu5LmHfTnJ2', 'test đổi tên người dùng', 'Female', '2002-01-20', 1),
(5, 'emailtest1@gmail.com', '$2y$10$9ObohGpqu6urJ.BtvjlMTek3aJSrYBBI18pmhhbzSB0NkL/xYncwK', 'Nguyễn Văn A', 'Male', '2003-01-01', 1),
(6, 'emailTest2@gmail.com', '$2y$10$4Z487zAbz/0wXJENTQ5uPua2GH4Q57aZIPANWTJA7ntrADPavxWBG', 'Nguyễn Văn B', 'Female', '2005-04-30', 1),
(7, 'emailtest3@gmail.com', '$2y$10$AAKE6eN69XbVk6oNY.OL8uOn/mgsLZY0cMfIJvGQ6rEwjqKFRGCUG', 'Nguyễn Văn C', 'Male', '2000-05-01', 1),
(8, 'emailTest4@gmail.com', '$2y$10$1739kNHBoPdjRbn/cj.lIu9XgHlddKtx.VNTDjPNTZSMt5zLynLl6', 'Nguyễn Văn D', 'Male', '1999-01-05', 1),
(9, 'emailTest5@gmail.com', '$2y$10$V2Dr9JnM5tOgBYTActWRzehbFkNgVFpCSXyKkZyHywIJN.Q/2Vd0m', 'Nguyễn Văn E', 'Female', '2004-02-09', 1),
(10, 'emailTest6@gmail.com', '$2y$10$8ujZuv29ju62mxYO0o1m1O3SdRi5MgfYKISo1b70eDiGjXcQIaLyG', 'Nguyễn Văn F', 'Male', '2003-12-24', 1),
(11, 'hakimkhang@gmail.com', '$2y$10$YAbOZpD.lKXO1ztgbN1HHeem3Vz6hwDgzDn/30/SNauVhAUUGxuZa', 'Hà Kim Khang', 'Male', '2004-10-23', 1),
(12, 'emailTest9@gmail.com', '$2y$10$pAvIqmOWy/N8Ht3brE413eIUluiqSGTdlB2ZVmUA/vH0BoL2kH8BS', 'Nguyễn Thị Hường', 'Female', '2000-09-09', 1),
(13, 'emailTest8@gmail.com', '$2y$10$d5SugOu53EXVlMemqFystuAJmpNRqRUbIb7dwltKZzgyQNwofPWpG', 'Hoàng Văn Long', 'Male', '2015-12-25', 1),
(14, 'haphungviet359@google.com', '$2y$10$AG2cy4n6pIcgYMPQQCYe1emDY3BIs.N7F.JcbU2lwjPkR4Ap6Xcdm', 'Hạ Phụng Việt', 'Male', '2001-01-27', 1),
(15, 'chunguckien7@naver.com', '$2y$10$6.ip7EvOcu8yRRkZpkj3tevOhODIkOchdmVnAPH16WXECXj6bNOxW', 'Chung Ðức Kiên', 'Male', '1992-02-29', 1),
(16, 'hophuongquyen470@gmail.com', '$2y$10$mdEM2/02zPBneX6izpF/fO3YS288gMCaFzAKyIf/TA5GyIhcKhRLS', 'Hồ Phương Quyên', 'Female', '1989-11-26', 1),
(17, 'cobichha953@icloud.com', '$2y$10$Bmpo5B4j976GAlYC.VxRe.uPi7QxepSqlALi2SoDIliCgbehKdJYy', 'Cồ Bích Hà', 'Female', '1997-02-15', 1),
(18, 'luongbachloan81@google.com', '$2y$10$QINwURDPnkbmUoe6Xp/hJOoVAAxZYfvrSX.KxA8ZkbhljfQTKKU8S', 'Lương Bạch Loan', 'Female', '2004-07-06', 1),
(19, 'loongnghi603@microsoft.com', '$2y$10$rFxFx0aOGrTngNKsMRlgXe8fMpdY.L8eyerR8xsV85by.8nuqAW6W', 'Lộ Ðông Nghi', 'Female', '1975-01-30', 1),
(20, 'quanphicuong146@icloud.com', '$2y$10$m6koaIVvY6GyESKlrltaa.H3cI9H.K5G6LfQ9F/FXL9O8HXsnNgXK', 'Quán Phi Cường', 'Male', '1995-04-07', 1),
(21, 'tieuduyhien359@hotmail.com', '$2y$10$KfF6qC6PuNBUKdzoRLWqYuOd79oZcK7FnCmF3s.5H5nanQRycERzy', 'Tiêu Duy Hiền', 'Male', '1988-11-21', 1),
(22, 'phuongthanhhuyen458@gmail.com', '$2y$10$yrGkfrVV/hOyvq2LU8t6JeY1wmJcHJkI6WMcDN2A3VewTQDo2XYHW', 'Phương Thanh Huyền', 'Female', '1999-07-24', 1),
(23, 'lothuhau953@google.com', '$2y$10$jvpcLn9D/ZlrPPH9.nH/pOvtw1F4G22nzBPb5s3O7B7LLm4PXtfxK', 'Lỗ Thu Hậu', 'Female', '2011-07-06', 1);

--
-- Indexes for dumped tables
--

--
-- Indexes for table `address-list`
--
ALTER TABLE `address-list`
  ADD PRIMARY KEY (`adrs_id`);

--
-- Indexes for table `admin`
--
ALTER TABLE `admin`
  ADD PRIMARY KEY (`admin_id`);

--
-- Indexes for table `bill`
--
ALTER TABLE `bill`
  ADD PRIMARY KEY (`bill_id`);

--
-- Indexes for table `bill-detail`
--
ALTER TABLE `bill-detail`
  ADD PRIMARY KEY (`bill_detail_id`);

--
-- Indexes for table `category`
--
ALTER TABLE `category`
  ADD PRIMARY KEY (`category_id`);

--
-- Indexes for table `product`
--
ALTER TABLE `product`
  ADD PRIMARY KEY (`product_id`);

--
-- Indexes for table `product-images`
--
ALTER TABLE `product-images`
  ADD PRIMARY KEY (`img_id`);

--
-- Indexes for table `user`
--
ALTER TABLE `user`
  ADD PRIMARY KEY (`user_id`);

--
-- AUTO_INCREMENT for dumped tables
--

--
-- AUTO_INCREMENT for table `address-list`
--
ALTER TABLE `address-list`
  MODIFY `adrs_id` int(11) NOT NULL AUTO_INCREMENT, AUTO_INCREMENT=25;

--
-- AUTO_INCREMENT for table `admin`
--
ALTER TABLE `admin`
  MODIFY `admin_id` int(11) NOT NULL AUTO_INCREMENT, AUTO_INCREMENT=2;

--
-- AUTO_INCREMENT for table `bill`
--
ALTER TABLE `bill`
  MODIFY `bill_id` int(11) NOT NULL AUTO_INCREMENT, AUTO_INCREMENT=15;

--
-- AUTO_INCREMENT for table `bill-detail`
--
ALTER TABLE `bill-detail`
  MODIFY `bill_detail_id` int(11) NOT NULL AUTO_INCREMENT, AUTO_INCREMENT=47;

--
-- AUTO_INCREMENT for table `category`
--
ALTER TABLE `category`
  MODIFY `category_id` int(11) NOT NULL AUTO_INCREMENT, AUTO_INCREMENT=37;

--
-- AUTO_INCREMENT for table `product`
--
ALTER TABLE `product`
  MODIFY `product_id` int(11) NOT NULL AUTO_INCREMENT, AUTO_INCREMENT=249;

--
-- AUTO_INCREMENT for table `product-images`
--
ALTER TABLE `product-images`
  MODIFY `img_id` int(11) NOT NULL AUTO_INCREMENT, AUTO_INCREMENT=974;

--
-- AUTO_INCREMENT for table `user`
--
ALTER TABLE `user`
  MODIFY `user_id` int(11) NOT NULL AUTO_INCREMENT, AUTO_INCREMENT=24;
COMMIT;

/*!40101 SET CHARACTER_SET_CLIENT=@OLD_CHARACTER_SET_CLIENT */;
/*!40101 SET CHARACTER_SET_RESULTS=@OLD_CHARACTER_SET_RESULTS */;
/*!40101 SET COLLATION_CONNECTION=@OLD_COLLATION_CONNECTION */;
